_id,סמל_ישוב,שם_ישוב,סמל_נפה,נפה,קוד_לשכת_מנא,לשכת_מנא,קוד_מועצה_אזורית,מועצה_אזורית,סהכ,גיל_0_5,גיל_6_18,גיל_19_45,גיל_46_55,גיל_56_64,גיל_65_פלוס
1,0,לא רשום ,0,לא ידוע ,0, ,0, ,35546,5246,3606,1385,529,611,24169
2,7,שחר ,61,אשקלון ,61,אשקלון ,50,לכיש ,769,51,195,248,94,85,96
3,10,תירוש ,11,ירושלים ,13,בית שמש ,26,מטה יהודה ,428,34,62,156,49,56,71
4,11,ניר חן ,61,אשקלון ,61,אשקלון ,50,לכיש ,622,41,130,192,88,57,114
5,13,חצבה ,62,באר שבע ,63,אילת ,54,הערבה התיכונה ,803,44,205,248,119,33,154
6,15,נועם ,61,אשקלון ,61,אשקלון ,34,שפיר ,444,30,93,159,56,40,66
7,16,בית ניר ,61,אשקלון ,61,אשקלון ,35,יואב ,741,33,181,236,117,91,83
8,18,שדה משה ,61,אשקלון ,61,אשקלון ,50,לכיש ,647,45,182,199,86,43,92
9,21,באר אורה ,62,באר שבע ,63,אילת ,53,חבל אילות ,1294,66,410,402,275,88,53
10,22,מקווה ישראל ,53,חולון ,53,חולון ,0, ,196,16,34,71,28,15,32
11,23,אמציה ,61,אשקלון ,61,אשקלון ,50,לכיש ,232,21,50,81,27,17,36
12,24,לכיש ,61,אשקלון ,61,אשקלון ,50,לכיש ,897,66,175,313,115,121,107
13,26,ראש פינה ,21,צפת ,21,צפת ,0, ,3437,179,683,1099,470,351,655
14,27,שדות מיכה ,11,ירושלים ,13,בית שמש ,26,מטה יהודה ,365,25,83,118,45,38,56
15,28,מזכרת בתיה ,44,רחובות ,44,רחובות ,0, ,17442,1037,4606,5641,2671,1455,2032
16,29,יסוד המעלה ,21,צפת ,21,צפת ,0, ,1753,93,312,623,237,195,293
17,31,אופקים ,62,באר שבע ,62,באר שבע ,0, ,42246,5762,10317,15687,3504,2756,4220
18,32,עוצם ,61,אשקלון ,61,אשקלון ,50,לכיש ,692,60,165,238,68,81,80
19,33,בת שלמה ,32,חדרה ,32,חדרה ,15,חוף הכרמל ,650,42,153,207,95,60,93
20,35,גדות ,21,צפת ,21,צפת ,1,הגליל העליון ,569,47,116,171,65,49,121
21,36,שדה דוד ,61,אשקלון ,61,אשקלון ,50,לכיש ,710,62,191,240,80,49,88
22,37,איתן ,61,אשקלון ,61,אשקלון ,34,שפיר ,800,123,219,291,55,44,68
23,38,כרי דשא ,22,כנרת ,22,טבריה ,6,עמק הירדן ,1,0,0,0,0,0,1
24,39,גפן ,11,ירושלים ,13,בית שמש ,26,מטה יהודה ,396,40,91,123,47,36,59
25,41,אליכין ,41,השרון ,32,חדרה ,0, ,3682,261,734,1276,412,438,561
26,43,מטולה ,21,צפת ,21,צפת ,0, ,2293,142,249,1175,204,180,343
27,44,זוהר ,61,אשקלון ,61,אשקלון ,50,לכיש ,359,22,96,119,34,21,67
28,46,יבנאל ,22,כנרת ,22,טבריה ,0, ,4934,616,1506,1563,435,331,483
29,47,כפר תבור ,22,כנרת ,22,טבריה ,0, ,4912,273,1158,1501,670,508,802
30,48,מנחמיה ,22,כנרת ,22,טבריה ,7,עמק המעיינות ,1280,91,218,439,143,118,271
31,49,אילניה ,22,כנרת ,22,טבריה ,3,הגליל התחתון ,591,24,95,219,75,81,97
32,52,לוזית ,11,ירושלים ,13,בית שמש ,26,מטה יהודה ,913,67,276,279,153,65,73
33,53,עתלית ,32,חדרה ,32,חדרה ,15,חוף הכרמל ,11967,1114,3301,3832,1593,730,1397
34,55,נוגה ,61,אשקלון ,61,אשקלון ,50,לכיש ,578,26,125,176,91,56,104
35,57,כנרת )קבוצה( ,22,כנרת ,22,טבריה ,6,עמק הירדן ,908,58,169,282,126,96,177
36,58,מצפה ,22,כנרת ,22,טבריה ,3,הגליל התחתון ,139,9,16,41,14,18,41
37,59,נחושה ,11,ירושלים ,13,בית שמש ,26,מטה יהודה ,1536,90,518,543,263,65,57
38,62,דגניה א' ,22,כנרת ,22,טבריה ,6,עמק הירדן ,719,40,128,228,87,60,176
39,63,כנרת )מושבה( ,22,כנרת ,22,טבריה ,6,עמק הירדן ,695,48,84,250,82,77,154
40,64,יד רמבם ,43,רמלה ,43,רמלה ,30,גזר ,1222,109,230,428,154,112,189
41,65,מגדל ,22,כנרת ,22,טבריה ,0, ,2223,178,490,766,229,217,343
42,66,מרחביה )קיבוץ( ,23,עפולה ,23,עפולה ,9,עמק יזרעאל ,1446,90,345,438,231,94,248
43,67,אור הנר ,61,אשקלון ,61,אשקלון ,37,שער הנגב ,1110,100,259,400,147,71,133
44,69,ניר עוז ,62,באר שבע ,62,באר שבע ,38,אשכול ,422,19,99,148,40,36,80
45,70,אשדוד ,61,אשקלון ,69,אשדוד ,0, ,259723,21582,51807,83198,30305,23988,48843
46,71,אשבול ,62,באר שבע ,62,באר שבע ,42,מרחבים ,702,52,194,225,108,53,70
47,72,גן שמואל ,32,חדרה ,32,חדרה ,14,מנשה ,1258,86,239,353,180,97,303
48,74,עין הוד ,32,חדרה ,32,חדרה ,15,חוף הכרמל ,703,37,127,213,103,93,130
49,76,כפר גלעדי ,21,צפת ,21,צפת ,1,הגליל העליון ,869,36,136,317,120,76,184
50,77,איילת השחר ,21,צפת ,21,צפת ,1,הגליל העליון ,1155,56,232,334,176,106,251
51,78,קרית ענבים ,11,ירושלים ,13,בית שמש ,26,מטה יהודה ,471,25,107,134,66,56,83
52,79,דגניה ב' ,22,כנרת ,22,טבריה ,6,עמק הירדן ,854,51,171,262,123,93,154
53,80,נהלל ,23,עפולה ,23,עפולה ,9,עמק יזרעאל ,1408,146,353,463,175,83,188
54,82,עין חרוד )מאוחד( ,23,עפולה ,23,עפולה ,8,הגלבוע ,1008,68,206,285,151,76,222
55,84,תל יוסף ,23,עפולה ,23,עפולה ,8,הגלבוע ,619,51,158,166,91,39,114
56,85,כפר יחזקאל ,23,עפולה ,23,עפולה ,8,הגלבוע ,1249,111,311,414,193,61,159
57,86,גבע ,23,עפולה ,23,עפולה ,8,הגלבוע ,694,34,123,227,71,71,168
58,88,כרם בן שמן ,43,רמלה ,43,רמלה ,25,חבל מודיעין ,105,8,27,22,16,9,23
59,89,עין חרוד )איחוד( ,23,עפולה ,23,עפולה ,8,הגלבוע ,723,38,136,191,96,72,190
60,90,חפצי-בה ,23,עפולה ,23,עפולה ,8,הגלבוע ,914,33,225,272,136,70,178
61,92,גיניגר ,23,עפולה ,23,עפולה ,9,עמק יזרעאל ,888,53,208,248,138,67,174
62,94,בלפוריה ,23,עפולה ,23,עפולה ,9,עמק יזרעאל ,616,55,155,184,87,42,93
63,95,בית אלפא ,23,עפולה ,23,עפולה ,8,הגלבוע ,1254,101,282,431,119,86,235
64,96,יגור ,31,חיפה ,31,חיפה ,12,זבולון ,1883,114,351,637,275,144,362
65,97,מרחביה )מושב( ,23,עפולה ,23,עפולה ,9,עמק יזרעאל ,776,55,125,276,87,99,134
66,98,כפר מלל ,42,פתח תקווה ,47,כפר סבא ,20,דרום השרון ,339,15,58,88,51,36,91
67,99,מצפה רמון ,62,באר שבע ,62,באר שבע ,0, ,5936,687,1189,2382,572,417,689
68,102,מאיר שפיה ,32,חדרה ,32,חדרה ,15,חוף הכרמל ,149,3,30,62,22,4,28
69,103,תל עדשים ,23,עפולה ,23,עפולה ,9,עמק יזרעאל ,1330,64,352,422,229,121,142
70,104,מזרע ,23,עפולה ,23,עפולה ,9,עמק יזרעאל ,1017,75,209,272,125,97,239
71,106,כפר גדעון ,23,עפולה ,23,עפולה ,9,עמק יזרעאל ,370,39,107,129,37,12,46
72,107,כפר סילבר ,61,אשקלון ,61,אשקלון ,36,חוף אשקלון ,131,9,15,59,29,7,12
73,112,כפר חסידים א' ,31,חיפה ,31,חיפה ,12,זבולון ,806,63,196,248,100,59,140
74,113,אדירים ,23,עפולה ,23,עפולה ,8,הגלבוע ,345,23,72,118,49,34,49
75,115,חופית ,41,השרון ,41,נתניה ,16,עמק חפר ,1038,55,202,307,152,119,203
76,122,רמת ישי ,23,עפולה ,23,עפולה ,0, ,8493,495,1824,2758,1134,735,1547
77,126,שריד ,23,עפולה ,23,עפולה ,9,עמק יזרעאל ,1163,40,270,292,196,100,265
78,127,רמת רחל ,11,ירושלים ,11,ירושלים ,26,מטה יהודה ,569,38,142,162,78,47,102
79,128,גת רימון ,42,פתח תקווה ,42,פתח תקוה ,20,דרום השרון ,256,12,49,81,41,14,59
80,130,משמר העמק ,23,עפולה ,23,עפולה ,13,מגידו ,1431,89,248,434,219,142,299
81,132,כפר ברוך ,23,עפולה ,23,עפולה ,9,עמק יזרעאל ,795,47,273,228,128,33,86
82,133,גבת ,23,עפולה ,23,עפולה ,9,עמק יזרעאל ,1100,83,257,297,176,63,224
83,134,יפעת ,23,עפולה ,23,עפולה ,9,עמק יזרעאל ,1342,65,317,393,215,110,242
84,135,רמת דוד ,23,עפולה ,23,עפולה ,9,עמק יזרעאל ,719,54,194,212,114,34,111
85,139,עין שמר ,32,חדרה ,32,חדרה ,14,מנשה ,1040,73,231,336,122,67,211
86,140,כפר יהושע ,23,עפולה ,23,עפולה ,9,עמק יזרעאל ,1305,89,284,436,175,147,174
87,141,ברק ,23,עפולה ,23,עפולה ,8,הגלבוע ,420,36,66,148,51,39,80
88,142,שדה יעקב ,23,עפולה ,23,עפולה ,9,עמק יזרעאל ,1110,81,321,365,146,59,138
89,143,בית זרע ,22,כנרת ,22,טבריה ,6,עמק הירדן ,833,53,146,265,110,59,200
90,144,גן שלמה ,44,רחובות ,44,רחובות ,28,ברנר ,664,45,176,188,97,45,113
91,145,גדיש ,23,עפולה ,23,עפולה ,8,הגלבוע ,392,31,67,139,45,59,51
92,146,דבורה ,23,עפולה ,23,עפולה ,8,הגלבוע ,346,35,74,101,38,35,63
93,147,גבעת ברנר ,44,רחובות ,44,רחובות ,28,ברנר ,2794,129,582,777,528,263,515
94,154,תל מונד ,41,השרון ,41,נתניה ,0, ,16155,999,3987,5322,2453,1694,1700
95,155,באר טוביה ,61,אשקלון ,61,אשקלון ,33,באר טוביה ,1277,76,346,376,204,118,157
96,156,עיינות ,44,רחובות ,44,רחובות ,27,גן רווה ,210,20,25,141,10,6,8
97,157,עין ורד ,41,השרון ,41,נתניה ,18,לב השרון ,1645,83,372,510,286,163,231
98,158,נען ,43,רמלה ,43,רמלה ,30,גזר ,2038,154,467,607,321,135,354
99,159,בית חנן ,44,רחובות ,44,רחובות ,27,גן רווה ,660,51,102,187,94,74,152
100,160,חולדה ,43,רמלה ,43,רמלה ,30,גזר ,1297,84,429,339,246,74,125
101,162,חירות ,41,השרון ,41,נתניה ,18,לב השרון ,1365,70,294,435,221,165,180
102,163,תימורים ,61,אשקלון ,61,אשקלון ,33,באר טוביה ,806,63,131,269,90,114,139
103,164,מלאה ,23,עפולה ,23,עפולה ,8,הגלבוע ,376,36,72,134,49,24,61
104,165,ניר יפה ,23,עפולה ,23,עפולה ,8,הגלבוע ,726,43,191,222,147,27,96
105,166,גן יבנה ,44,רחובות ,44,רחובות ,0, ,26870,1778,6099,9602,3918,2749,2724
106,167,עין החורש ,41,השרון ,41,נתניה ,16,עמק חפר ,1017,51,217,277,159,63,250
107,168,כפר יונה ,41,השרון ,41,נתניה ,0, ,30279,2622,7073,10358,4217,2348,3661
108,170,כפר יעבץ ,41,השרון ,41,נתניה ,18,לב השרון ,756,77,174,266,83,70,86
109,171,פרדסיה ,41,השרון ,41,נתניה ,0, ,8412,614,1954,2754,1064,713,1313
110,173,גבעת חיים )מאוחד( ,41,השרון ,41,נתניה ,16,עמק חפר ,1301,69,258,379,214,104,277
111,174,נטעים ,44,רחובות ,44,רחובות ,27,גן רווה ,781,47,137,263,125,98,111
112,175,אביחיל ,41,השרון ,41,נתניה ,16,עמק חפר ,1386,82,305,394,202,129,274
113,176,אפיקים ,22,כנרת ,22,טבריה ,6,עמק הירדן ,1397,69,247,391,204,132,354
114,177,כפר בילו ,44,רחובות ,44,רחובות ,30,גזר ,1164,81,234,365,137,130,217
115,178,רמת יוחנן ,31,חיפה ,27,קריות ,12,זבולון ,1325,106,261,477,150,100,231
116,182,אבן יהודה ,41,השרון ,41,נתניה ,0, ,15737,803,3870,4703,2608,1339,2414
117,183,ירקונה ,42,פתח תקווה ,47,כפר סבא ,20,דרום השרון ,383,22,52,134,56,56,63
118,184,רמת הכובש ,42,פתח תקווה ,47,כפר סבא ,20,דרום השרון ,1139,75,258,314,179,66,247
119,186,נעורים ,41,השרון ,41,נתניה ,16,עמק חפר ,216,8,48,76,22,26,36
120,187,כפר הס ,41,השרון ,41,נתניה ,18,לב השרון ,1488,81,320,473,216,205,193
121,188,אשדות יעקב )מאוחד( ,22,כנרת ,22,טבריה ,6,עמק הירדן ,909,57,203,277,132,65,175
122,189,כפר פינס ,32,חדרה ,32,חדרה ,14,מנשה ,707,106,204,216,48,40,93
123,190,כפר ויתקין ,41,השרון ,41,נתניה ,16,עמק חפר ,1991,132,387,672,283,229,288
124,191,הדר עם ,41,השרון ,41,נתניה ,16,עמק חפר ,826,38,219,233,145,75,116
125,192,כפר החורש ,23,עפולה ,23,עפולה ,9,עמק יזרעאל ,792,65,214,232,97,43,141
126,193,כפר חיים ,41,השרון ,41,נתניה ,16,עמק חפר ,606,42,124,169,95,49,127
127,194,משמר השרון ,41,השרון ,41,נתניה ,16,עמק חפר ,824,47,205,243,102,72,155
128,195,קדימה-צורן ,41,השרון ,41,נתניה ,0, ,23750,1434,5555,7792,3572,2664,2733
129,196,גיבתון ,44,רחובות ,44,רחובות ,28,ברנר ,428,24,100,111,67,35,91
130,197,מעברות ,41,השרון ,41,נתניה ,16,עמק חפר ,1083,60,224,297,154,91,257
131,198,צופית ,42,פתח תקווה ,47,כפר סבא ,20,דרום השרון ,1111,48,238,318,180,156,171
132,199,אשדות יעקב )איחוד( ,22,כנרת ,22,טבריה ,6,עמק הירדן ,1007,51,251,305,178,70,152
133,200,בית ינאי ,41,השרון ,41,נתניה ,16,עמק חפר ,429,17,92,108,61,58,93
134,202,בית עובד ,44,רחובות ,44,רחובות ,27,גן רווה ,355,24,64,105,53,33,76
135,204,אלישיב ,41,השרון ,32,חדרה ,16,עמק חפר ,710,53,158,214,105,60,120
136,205,חגלה ,41,השרון ,32,חדרה ,16,עמק חפר ,816,42,198,246,148,99,83
137,206,רמות השבים ,42,פתח תקווה ,47,כפר סבא ,20,דרום השרון ,1735,129,333,541,236,189,307
138,207,גבעת חן ,42,פתח תקווה ,47,כפר סבא ,20,דרום השרון ,415,31,88,119,48,31,98
139,208,מוצא עילית ,11,ירושלים ,11,ירושלים ,26,מטה יהודה ,1670,85,294,480,190,183,438
140,212,בית צבי ,32,חדרה ,32,חדרה ,15,חוף הכרמל ,99,19,26,49,1,1,3
141,213,משמרות ,32,חדרה ,32,חדרה ,14,מנשה ,1392,74,498,361,286,77,96
142,217,כפר הראה ,41,השרון ,32,חדרה ,16,עמק חפר ,1278,136,339,416,148,76,163
143,218,גני עם ,42,פתח תקווה ,47,כפר סבא ,20,דרום השרון ,265,13,33,69,34,38,78
144,219,חיבת ציון ,41,השרון ,32,חדרה ,16,עמק חפר ,981,87,283,313,118,70,110
145,220,כפר ביאליק ,31,חיפה ,31,חיפה ,12,זבולון ,628,40,134,178,94,48,134
146,223,עין עירון ,32,חדרה ,32,חדרה ,14,מנשה ,589,48,118,196,85,55,87
147,224,שושנת העמקים ,41,השרון ,41,נתניה ,16,עמק חפר ,585,41,102,194,72,59,117
148,225,גן השומרון ,32,חדרה ,32,חדרה ,14,מנשה ,945,69,196,303,128,87,162
149,229,גני תקווה ,42,פתח תקווה ,42,פתח תקוה ,0, ,26345,2143,6188,7988,3621,1944,4461
150,230,מעש ,42,פתח תקווה ,42,פתח תקוה ,20,דרום השרון ,958,66,204,265,144,79,200
151,232,שפיים ,41,השרון ,41,נתניה ,19,חוף השרון ,1597,137,323,509,226,122,280
152,233,כפר ידידיה ,41,השרון ,41,נתניה ,16,עמק חפר ,762,38,171,220,145,63,125
153,234,ביצרון ,61,אשקלון ,61,אשקלון ,33,באר טוביה ,1229,76,285,359,184,114,211
154,235,חבצלת השרון ,41,השרון ,41,נתניה ,16,עמק חפר ,466,20,74,120,72,54,126
155,237,שער העמקים ,31,חיפה ,31,חיפה ,12,זבולון ,829,58,171,234,107,73,186
156,239,גן חיים ,42,פתח תקווה ,47,כפר סבא ,20,דרום השרון ,719,46,144,215,92,86,136
157,240,יקנעם עילית ,23,עפולה ,23,עפולה ,0, ,27655,1792,5583,9650,3988,2644,3998
158,241,יקנעם )מושבה( ,23,עפולה ,23,עפולה ,13,מגידו ,1479,107,316,427,223,107,299
159,242,בית השיטה ,23,עפולה ,23,עפולה ,8,הגלבוע ,1540,76,351,389,255,149,320
160,246,נתיבות ,62,באר שבע ,62,באר שבע ,0, ,57643,9060,15005,22368,4281,2964,3965
161,247,רשפון ,41,השרון ,41,נתניה ,19,חוף השרון ,1367,104,331,412,211,119,190
162,248,בית שערים ,23,עפולה ,23,עפולה ,9,עמק יזרעאל ,741,41,193,209,119,54,125
163,249,כפר סירקין ,42,פתח תקווה ,42,פתח תקוה ,20,דרום השרון ,1506,84,402,411,255,143,211
164,250,הזורע ,23,עפולה ,23,עפולה ,13,מגידו ,1304,74,200,382,169,101,378
165,252,ביתן אהרן ,41,השרון ,41,נתניה ,16,עמק חפר ,332,15,46,61,33,14,163
166,253,חולתה ,21,צפת ,21,צפת ,1,הגליל העליון ,863,87,232,289,99,45,111
167,254,כפר המכבי ,31,חיפה ,31,חיפה ,12,זבולון ,505,45,105,165,57,37,96
168,255,כפר חיטים ,22,כנרת ,22,טבריה ,3,הגליל התחתון ,686,33,132,225,112,77,107
169,256,ניר דוד )תל עמל( ,23,עפולה ,23,עפולה ,7,עמק המעיינות ,977,67,220,275,144,74,197
170,257,נופך ,42,פתח תקווה ,42,פתח תקוה ,25,חבל מודיעין ,632,72,141,222,64,57,76
171,259,שדה נחום ,23,עפולה ,23,עפולה ,7,עמק המעיינות ,1230,91,330,411,207,88,103
172,262,גינוסר ,22,כנרת ,22,טבריה ,6,עמק הירדן ,799,46,147,216,115,61,214
173,263,מסדה ,22,כנרת ,22,טבריה ,6,עמק הירדן ,418,37,75,154,44,29,79
174,264,שער הגולן ,22,כנרת ,22,טבריה ,6,עמק הירדן ,621,24,98,168,89,54,188
175,265,בית יוסף ,23,עפולה ,23,עפולה ,7,עמק המעיינות ,499,47,79,193,49,58,73
176,267,כפר שמריהו ,51,תל אביב ,57,הרצליה ,0, ,2585,119,457,709,326,287,687
177,268,טירת צבי ,23,עפולה ,23,עפולה ,7,עמק המעיינות ,1096,116,351,360,109,33,127
178,269,מולדת ,23,עפולה ,23,עפולה ,8,הגלבוע ,1228,61,278,416,197,112,164
179,270,עין השופט ,23,עפולה ,23,עפולה ,13,מגידו ,1253,39,212,395,168,99,340
180,272,מעוז חיים ,23,עפולה ,23,עפולה ,7,עמק המעיינות ,640,34,111,245,67,54,129
181,273,עין גב ,22,כנרת ,22,טבריה ,6,עמק הירדן ,653,41,121,209,76,49,157
182,274,כפר מנחם ,61,אשקלון ,61,אשקלון ,35,יואב ,1466,67,379,399,310,136,175
183,276,צור משה ,41,השרון ,41,נתניה ,18,לב השרון ,2847,153,654,918,556,303,263
184,278,אושה ,31,חיפה ,27,קריות ,12,זבולון ,679,57,174,199,82,54,113
185,280,חניתה ,24,עכו ,24,עכו ,4,מטה אשר ,1018,43,207,285,173,96,214
186,281,פקיעין חדשה ,24,עכו ,24,עכו ,52,מעלה יוסף ,592,75,138,217,57,55,50
187,282,שבי ציון ,24,עכו ,24,עכו ,4,מטה אשר ,1466,94,354,439,263,102,214
188,284,שדה ורבורג ,42,פתח תקווה ,47,כפר סבא ,20,דרום השרון ,1418,90,297,424,235,153,219
189,285,אלונים ,23,עפולה ,23,עפולה ,9,עמק יזרעאל ,864,86,182,260,80,61,195
190,286,מעלה החמישה ,11,ירושלים ,13,בית שמש ,26,מטה יהודה ,974,79,273,258,156,61,147
191,287,תל יצחק ,41,השרון ,41,נתניה ,19,חוף השרון ,926,49,136,159,78,48,456
192,288,בית יהושע ,41,השרון ,41,נתניה ,19,חוף השרון ,1181,90,264,388,185,100,154
193,289,עין המפרץ ,24,עכו ,24,עכו ,4,מטה אשר ,1020,61,187,302,145,86,239
194,290,מעין צבי ,32,חדרה ,32,חדרה ,15,חוף הכרמל ,970,50,189,252,129,93,257
195,292,שרונה ,22,כנרת ,22,טבריה ,3,הגליל התחתון ,666,22,192,182,118,41,111
196,293,שדה יואב ,61,אשקלון ,61,אשקלון ,35,יואב ,685,38,217,207,97,48,78
197,294,אילון ,24,עכו ,24,עכו ,4,מטה אשר ,1343,68,320,435,221,112,187
198,295,כפר רופין ,23,עפולה ,23,עפולה ,7,עמק המעיינות ,624,40,141,201,91,35,116
199,296,נווה איתן ,23,עפולה ,23,עפולה ,7,עמק המעיינות ,313,33,53,101,35,22,69
200,297,כפר מסריק ,24,עכו ,24,עכו ,4,מטה אשר ,889,62,172,287,132,62,174
201,298,מסילות ,23,עפולה ,23,עפולה ,7,עמק המעיינות ,604,43,104,149,72,46,190
202,300,דליה ,23,עפולה ,23,עפולה ,13,מגידו ,1039,74,229,299,147,67,223
203,301,בית עוזיאל ,43,רמלה ,43,רמלה ,30,גזר ,697,50,151,223,105,78,90
204,302,דפנה ,21,צפת ,21,צפת ,1,הגליל העליון ,1096,81,225,405,140,60,185
205,303,דן ,21,צפת ,21,צפת ,1,הגליל העליון ,902,74,197,327,107,45,152
206,304,שדה אליהו ,23,עפולה ,23,עפולה ,7,עמק המעיינות ,967,100,187,388,64,63,165
207,305,גשר ,22,כנרת ,22,טבריה ,7,עמק המעיינות ,547,47,87,167,54,40,152
208,306,שדמות דבורה ,22,כנרת ,22,טבריה ,3,הגליל התחתון ,803,42,216,210,165,59,111
209,307,הזורעים ,22,כנרת ,22,טבריה ,3,הגליל התחתון ,1253,176,430,397,104,31,115
210,308,מחניים ,21,צפת ,21,צפת ,1,הגליל העליון ,863,40,224,249,121,63,166
211,309,נהורה ,61,אשקלון ,61,אשקלון ,50,לכיש ,1295,86,274,481,150,133,171
212,310,כפר גליקסון ,32,חדרה ,32,חדרה ,14,מנשה ,451,27,117,120,65,35,87
213,311,גן שורק ,44,רחובות ,44,רחובות ,27,גן רווה ,378,28,84,107,57,35,67
214,312,נווה ים ,32,חדרה ,32,חדרה ,15,חוף הכרמל ,381,33,95,112,54,26,61
215,313,אפק ,24,עכו ,24,עכו ,4,מטה אשר ,847,56,224,256,131,48,132
216,315,נגבה ,61,אשקלון ,61,אשקלון ,35,יואב ,1093,55,284,313,192,58,191
217,316,כפר נטר ,41,השרון ,41,נתניה ,19,חוף השרון ,1085,72,274,321,189,83,146
218,317,בית אורן ,32,חדרה ,32,חדרה ,15,חוף הכרמל ,575,63,110,201,56,50,95
219,318,עמיעוז ,62,באר שבע ,62,באר שבע ,38,אשכול ,326,27,59,113,38,39,50
220,319,עמיר ,21,צפת ,21,צפת ,1,הגליל העליון ,734,45,138,236,94,62,159
221,320,כפר ורבורג ,61,אשקלון ,61,אשקלון ,33,באר טוביה ,1212,77,277,386,187,108,177
222,322,בית הלל ,21,צפת ,21,צפת ,55,מבואות החרמון ,1095,69,169,579,107,44,127
223,324,שאר ישוב ,21,צפת ,21,צפת ,55,מבואות החרמון ,783,41,116,398,84,49,95
224,325,מצובה ,24,עכו ,24,עכו ,4,מטה אשר ,1350,38,321,435,253,113,190
225,326,בית יצחק-שער חפר ,41,השרון ,41,נתניה ,16,עמק חפר ,2376,167,514,672,341,202,480
226,327,שדות ים ,32,חדרה ,32,חדרה ,15,חוף הכרמל ,1167,105,272,380,150,69,191
227,328,עזוז ,62,באר שבע ,62,באר שבע ,48,רמת נגב ,95,8,13,40,9,15,10
228,329,שדה נחמיה ,21,צפת ,21,צפת ,1,הגליל העליון ,1187,60,287,378,193,96,173
229,330,אלומות ,22,כנרת ,22,טבריה ,6,עמק הירדן ,520,39,144,162,66,27,82
230,331,ניר צבי ,43,רמלה ,43,רמלה ,40,שדות דן ,1311,81,310,368,201,102,249
231,334,קבוצת יבנה ,44,רחובות ,44,רחובות ,29,חבל יבנה ,859,79,186,289,72,63,170
232,335,רמת השופט ,23,עפולה ,23,עפולה ,13,מגידו ,1227,78,275,361,226,80,207
233,336,דורות ,61,אשקלון ,61,אשקלון ,37,שער הנגב ,879,68,200,288,105,35,183
234,338,איבים ,61,אשקלון ,61,אשקלון ,37,שער הנגב ,632,44,164,331,60,20,13
235,339,רמת צבי ,23,עפולה ,23,עפולה ,8,הגלבוע ,804,72,238,228,107,44,115
236,340,גת )קיבוץ( ,61,אשקלון ,61,אשקלון ,35,יואב ,1036,72,284,275,163,68,174
237,342,גברעם ,61,אשקלון ,61,אשקלון ,36,חוף אשקלון ,753,74,230,255,82,39,73
238,343,חמדיה ,23,עפולה ,23,עפולה ,7,עמק המעיינות ,531,48,113,172,72,30,96
239,344,מענית ,32,חדרה ,32,חדרה ,14,מנשה ,963,68,254,299,133,62,147
240,345,כפר סאלד ,21,צפת ,21,צפת ,1,הגליל העליון ,724,48,164,237,106,53,116
241,346,גליל ים ,51,תל אביב ,57,הרצליה ,19,חוף השרון ,580,60,136,184,61,46,93
242,347,מנרה ,21,צפת ,21,צפת ,1,הגליל העליון ,323,35,55,119,24,26,64
243,348,ניר עם ,61,אשקלון ,61,אשקלון ,37,שער הנגב ,794,81,170,318,66,61,98
244,351,ניצן ,61,אשקלון ,61,אשקלון ,36,חוף אשקלון ,2688,226,796,979,245,208,234
245,352,גבולות ,62,באר שבע ,62,באר שבע ,38,אשכול ,519,35,114,165,51,43,111
246,353,בית זיד ,23,עפולה ,23,עפולה ,9,עמק יזרעאל ,122,4,15,28,13,18,44
247,354,רביבים ,62,באר שבע ,62,באר שבע ,48,רמת נגב ,963,55,156,357,101,82,212
248,355,חורשים ,42,פתח תקווה ,349,ראש העין ,20,דרום השרון ,428,25,77,123,57,50,96
249,356,הגושרים ,21,צפת ,21,צפת ,1,הגליל העליון ,1344,115,293,508,152,105,171
250,357,כפר בלום ,21,צפת ,21,צפת ,1,הגליל העליון ,1050,56,233,286,173,57,245
251,358,יד מרדכי ,61,אשקלון ,61,אשקלון ,36,חוף אשקלון ,1025,78,173,340,128,62,244
252,359,ניצנים ,61,אשקלון ,61,אשקלון ,36,חוף אשקלון ,739,73,193,224,70,38,141
253,360,גבעת נילי ,32,חדרה ,32,חדרה ,45,אלונה ,643,43,132,216,95,63,94
254,362,רוחמה ,61,אשקלון ,61,אשקלון ,37,שער הנגב ,829,59,178,247,124,38,183
255,363,חפץ חיים ,44,רחובות ,44,רחובות ,31,נחל שורק ,728,100,236,246,50,22,74
256,364,כפר אוריה ,11,ירושלים ,13,בית שמש ,26,מטה יהודה ,867,42,255,244,167,68,91
257,365,בית קשת ,22,כנרת ,22,טבריה ,3,הגליל התחתון ,841,49,250,214,149,71,108
258,366,שמיר ,21,צפת ,21,צפת ,1,הגליל העליון ,980,63,185,335,116,104,177
259,367,עין העמק ,23,עפולה ,23,עפולה ,13,מגידו ,851,60,162,288,123,85,133
260,368,ביריה ,21,צפת ,21,צפת ,2,מרום הגליל ,926,89,217,314,92,64,150
261,369,גלעד )אבן יצחק( ,23,עפולה ,23,עפולה ,13,מגידו ,592,44,141,151,93,39,124
262,370,גזר ,43,רמלה ,43,רמלה ,30,גזר ,567,46,86,208,41,45,141
263,371,כדורי ,22,כנרת ,22,טבריה ,3,הגליל התחתון ,95,2,29,35,14,3,12
264,372,רמות נפתלי ,21,צפת ,21,צפת ,55,מבואות החרמון ,619,37,92,217,87,79,107
265,373,בית הלוי ,41,השרון ,41,נתניה ,16,עמק חפר ,814,60,192,246,122,59,135
266,374,חוקוק ,22,כנרת ,22,טבריה ,6,עמק הירדן ,817,51,234,237,124,59,112
267,375,מגל ,32,חדרה ,32,חדרה ,14,מנשה ,1408,73,362,408,285,111,169
268,376,עברון ,24,עכו ,24,עכו ,4,מטה אשר ,1053,92,220,347,141,60,193
269,377,המעפיל ,41,השרון ,32,חדרה ,16,עמק חפר ,1050,76,254,324,169,85,142
270,378,משגב עם ,21,צפת ,21,צפת ,1,הגליל העליון ,415,36,66,192,33,35,53
271,379,גאולים ,41,השרון ,41,נתניה ,18,לב השרון ,984,68,196,307,145,108,160
272,380,להבות הבשן ,21,צפת ,21,צפת ,1,הגליל העליון ,957,39,201,311,131,110,165
273,382,מכמורת ,41,השרון ,41,נתניה ,16,עמק חפר ,1565,93,346,446,245,126,309
274,383,עין הנציב ,23,עפולה ,23,עפולה ,7,עמק המעיינות ,764,88,215,253,54,38,116
275,385,עמיעד ,21,צפת ,21,צפת ,1,הגליל העליון ,708,57,141,216,83,53,158
276,386,בני דרור ,41,השרון ,41,נתניה ,18,לב השרון ,1249,59,211,275,114,98,492
277,387,כפר מונש ,41,השרון ,41,נתניה ,16,עמק חפר ,929,70,224,270,139,78,148
278,388,כפר קיש ,22,כנרת ,22,טבריה ,3,הגליל התחתון ,801,52,223,238,125,66,97
279,389,בצרה ,41,השרון ,41,נתניה ,19,חוף השרון ,1104,76,250,325,155,127,171
280,390,רגבה ,24,עכו ,24,עכו ,4,מטה אשר ,1097,51,210,336,155,91,254
281,392,קדמה ,61,אשקלון ,61,אשקלון ,35,יואב ,29,2,6,10,4,1,6
282,393,גלאון ,61,אשקלון ,61,אשקלון ,35,יואב ,751,53,208,195,95,49,151
283,394,שובל ,62,באר שבע ,62,באר שבע ,41,בני שמעון ,1001,86,242,287,148,71,167
284,395,משמר הנגב ,62,באר שבע ,62,באר שבע ,41,בני שמעון ,1342,87,309,375,182,110,279
285,396,נבטים ,62,באר שבע ,62,באר שבע ,41,בני שמעון ,1155,91,248,410,143,106,157
286,397,חצרים ,62,באר שבע ,62,באר שבע ,41,בני שמעון ,1147,78,219,370,132,107,241
287,398,שרשרת ,62,באר שבע ,62,באר שבע ,39,שדות נגב ,435,52,101,148,38,36,60
288,399,בארי ,62,באר שבע ,62,באר שבע ,38,אשכול ,1212,96,268,438,127,95,188
289,400,אבן שמואל ,61,אשקלון ,61,אשקלון ,34,שפיר ,2037,188,672,716,240,86,135
290,402,ניר יצחק ,62,באר שבע ,62,באר שבע ,38,אשכול ,696,45,117,247,59,58,170
291,403,אורים ,62,באר שבע ,62,באר שבע ,38,אשכול ,612,39,80,197,65,51,180
292,405,נווה אילן ,11,ירושלים ,13,בית שמש ,26,מטה יהודה ,1115,64,242,344,173,80,212
293,406,חצור-אשדוד ,61,אשקלון ,61,אשקלון ,33,באר טוביה ,1064,78,219,334,137,52,244
294,407,דברת ,23,עפולה ,23,עפולה ,9,עמק יזרעאל ,672,64,198,199,90,33,88
295,408,נאות מרדכי ,21,צפת ,21,צפת ,1,הגליל העליון ,798,68,180,258,88,46,158
296,409,יחיעם ,24,עכו ,24,עכו ,4,מטה אשר ,939,41,245,272,177,38,166
297,412,קרית שלמה ,41,השרון ,41,נתניה ,19,חוף השרון ,6,0,0,0,0,1,5
298,413,צאלים ,62,באר שבע ,62,באר שבע ,38,אשכול ,516,26,95,150,85,42,118
299,414,קלחים ,62,באר שבע ,62,באר שבע ,42,מרחבים ,647,54,187,198,121,29,58
300,415,שוקדה ,62,באר שבע ,62,באר שבע ,39,שדות נגב ,789,114,321,266,33,23,32
301,416,מעין ברוך ,21,צפת ,21,צפת ,1,הגליל העליון ,889,63,156,396,81,55,138
302,417,יקום ,41,השרון ,41,נתניה ,19,חוף השרון ,875,76,195,261,147,43,153
303,418,בני ציון ,41,השרון ,41,נתניה ,19,חוף השרון ,1154,68,245,365,159,139,178
304,419,סעד ,62,באר שבע ,62,באר שבע ,39,שדות נגב ,1022,106,256,370,92,54,144
305,421,משאבי שדה ,62,באר שבע ,62,באר שבע ,48,רמת נגב ,651,47,130,199,62,68,145
306,422,חרב לאת ,41,השרון ,32,חדרה ,16,עמק חפר ,884,72,198,264,130,78,142
307,423,העוגן ,41,השרון ,41,נתניה ,16,עמק חפר ,984,61,222,265,149,51,236
308,424,גבים ,61,אשקלון ,61,אשקלון ,37,שער הנגב ,702,53,135,261,99,68,86
309,425,משמרת ,41,השרון ,41,נתניה ,18,לב השרון ,961,51,211,307,159,126,107
310,426,עין כרמל ,32,חדרה ,32,חדרה ,15,חוף הכרמל ,836,47,200,249,167,71,102
311,427,כפר גלים ,31,חיפה ,31,חיפה ,15,חוף הכרמל ,168,10,34,80,26,9,9
312,428,ברור חיל ,61,אשקלון ,61,אשקלון ,37,שער הנגב ,1168,62,245,369,169,110,213
313,429,אלוני אבא ,23,עפולה ,23,עפולה ,9,עמק יזרעאל ,1025,34,228,326,193,120,124
314,430,בית לחם הגלילית ,23,עפולה ,23,עפולה ,9,עמק יזרעאל ,856,56,177,273,99,84,167
315,431,דלתון ,21,צפת ,21,צפת ,2,מרום הגליל ,1025,123,214,394,94,109,91
316,432,שמרת ,24,עכו ,24,עכו ,4,מטה אשר ,716,48,182,216,92,43,135
317,433,נחשולים ,32,חדרה ,32,חדרה ,15,חוף הכרמל ,791,52,191,242,115,73,118
318,434,החותרים ,32,חדרה ,32,חדרה ,15,חוף הכרמל ,953,86,237,295,123,55,157
319,435,נצר סרני ,43,רמלה ,43,רמלה ,30,גזר ,1146,118,304,334,155,44,191
320,436,עין דור ,23,עפולה ,23,עפולה ,9,עמק יזרעאל ,1426,77,339,396,194,119,301
321,437,רשפים ,23,עפולה ,23,עפולה ,7,עמק המעיינות ,1269,125,417,407,149,55,116
322,439,שלוחות ,23,עפולה ,23,עפולה ,7,עמק המעיינות ,574,65,149,180,16,40,124
323,440,יסודות ,44,רחובות ,44,רחובות ,31,נחל שורק ,821,107,330,255,49,15,65
324,442,גדעונה ,23,עפולה ,23,עפולה ,8,הגלבוע ,552,56,154,187,70,25,60
325,443,כפר הנשיא ,21,צפת ,21,צפת ,1,הגליל העליון ,981,60,171,274,118,101,257
326,444,רגבים ,32,חדרה ,32,חדרה ,14,מנשה ,750,56,189,194,113,47,151
327,445,רמות מנשה ,23,עפולה ,23,עפולה ,13,מגידו ,1490,78,375,465,263,124,185
328,446,אודים ,41,השרון ,41,נתניה ,19,חוף השרון ,1155,91,241,361,176,117,169
329,447,נורדיה ,41,השרון ,41,נתניה ,18,לב השרון ,2036,131,347,490,198,158,712
330,448,בני עטרות ,42,פתח תקווה ,42,פתח תקוה ,25,חבל מודיעין ,897,73,208,285,132,69,130
331,449,נחלים ,42,פתח תקווה ,42,פתח תקוה ,25,חבל מודיעין ,1496,179,379,481,138,85,234
332,450,בארות יצחק ,42,פתח תקווה ,42,פתח תקוה ,25,חבל מודיעין ,582,61,99,185,51,46,140
333,452,יזרעאל ,23,עפולה ,23,עפולה ,8,הגלבוע ,812,48,145,191,135,71,222
334,453,יפתח ,21,צפת ,21,צפת ,1,הגליל העליון ,784,41,164,266,101,58,154
335,454,סער ,24,עכו ,24,עכו ,4,מטה אשר ,1042,67,261,333,172,87,122
336,456,שורש ,11,ירושלים ,13,בית שמש ,26,מטה יהודה ,1286,58,173,266,109,108,572
337,457,גזית ,23,עפולה ,23,עפולה ,9,עמק יזרעאל ,942,68,194,281,131,71,197
338,460,רמת רזיאל ,11,ירושלים ,13,בית שמש ,26,מטה יהודה ,707,41,151,219,100,63,133
339,462,טל שחר ,11,ירושלים ,13,בית שמש ,26,מטה יהודה ,1262,101,323,401,181,104,152
340,463,געתון ,24,עכו ,24,עכו ,4,מטה אשר ,865,59,201,258,134,53,160
341,464,הראל ,11,ירושלים ,13,בית שמש ,26,מטה יהודה ,363,33,62,100,41,34,93
342,465,צובה ,11,ירושלים ,13,בית שמש ,26,מטה יהודה ,817,51,138,293,99,80,156
343,466,בית דגן ,43,רמלה ,43,רמלה ,0, ,7656,569,1488,2739,970,831,1059
344,469,קרית עקרון ,44,רחובות ,44,רחובות ,0, ,11225,844,2153,3937,1260,1096,1935
345,472,אבו גוש ,11,ירושלים ,11,ירושלים ,0, ,8840,820,2024,3581,931,697,787
346,473,אבו סנאן ,24,עכו ,24,עכו ,0, ,14766,1218,2970,6289,1792,1196,1301
347,475,דחי ,23,עפולה ,23,עפולה ,66,בוסתאן אל-מרג' ,768,52,151,320,112,60,73
348,478,אכסאל ,23,עפולה ,23,עפולה ,0, ,16122,1444,3824,6824,1832,1193,1005
349,480,בית ג'ן ,24,עכו ,20,כרמיאל ,0, ,12987,1005,2493,5619,1589,1083,1198
350,481,מגאר ,22,כנרת ,22,טבריה ,0, ,24939,2080,5246,10916,2883,1981,1833
351,482,בועיינה-נוג'ידאת ,25,נצרת ,25,נוף הגליל ,0, ,11100,1027,2631,4911,1223,719,589
352,483,בענה ,24,עכו ,24,עכו ,0, ,8901,703,1925,3907,1072,681,613
353,485,ג'ולס ,24,עכו ,24,עכו ,0, ,6979,541,1279,3006,886,637,630
354,487,ג'ש )גוש חלב( ,21,צפת ,21,צפת ,0, ,3443,219,593,1308,460,397,466
355,489,דבוריה ,23,עפולה ,23,עפולה ,0, ,11332,974,2502,4748,1237,1017,854
356,490,דייר אל-אסד ,24,עכו ,24,עכו ,0, ,13676,1155,3137,5960,1513,951,960
357,492,דייר חנא ,24,עכו ,24,עכו ,0, ,11450,890,2375,4937,1330,993,925
358,493,דייר ראפאת ,11,ירושלים ,13,בית שמש ,26,מטה יהודה ,90,5,27,37,12,3,6
359,494,דאלית אל-כרמל ,31,חיפה ,31,חיפה ,0, ,18808,1338,3675,7460,2575,1795,1965
360,496,חורפיש ,24,עכו ,24,עכו ,0, ,7101,612,1460,3034,883,554,558
361,497,טייבה )בעמק( ,23,עפולה ,23,עפולה ,8,הגלבוע ,2097,241,497,898,214,136,111
362,498,טורעאן ,25,נצרת ,25,נוף הגליל ,0, ,15693,1370,3734,6562,1714,1200,1113
363,499,יפיע ,25,נצרת ,25,נוף הגליל ,0, ,20741,1799,4517,8591,2416,1752,1666
364,502,ירכא ,24,עכו ,24,עכו ,0, ,17103,1419,3775,7423,1948,1317,1221
365,504,כאבול ,24,עכו ,24,עכו ,0, ,13434,1155,3125,5700,1555,1061,838
366,505,כאוכב אבו אל-היג'א ,24,עכו ,24,עכו ,0, ,4171,311,938,1704,538,345,335
367,507,כפר יאסיף ,24,עכו ,24,עכו ,0, ,11300,787,2170,4597,1370,1075,1301
368,508,כפר כמא ,22,כנרת ,22,טבריה ,0, ,3720,309,666,1470,437,300,538
369,509,כפר כנא ,25,נצרת ,25,נוף הגליל ,0, ,25210,2451,5989,10647,2630,1758,1735
370,510,כפר מנדא ,24,עכו ,25,נוף הגליל ,0, ,22690,2405,5639,10023,2141,1373,1109
371,511,עילוט ,25,נצרת ,25,נוף הגליל ,0, ,9335,955,2329,3964,1020,611,456
372,512,כפר מצר ,25,נצרת ,23,עפולה ,66,בוסתאן אל-מרג' ,2937,276,653,1266,332,223,187
373,514,עין ראפה ,11,ירושלים ,11,ירושלים ,26,מטה יהודה ,1372,121,334,580,141,101,95
374,516,מג'ד אל-כרום ,24,עכו ,24,עכו ,0, ,16478,1222,3611,7199,2003,1277,1166
375,517,מזרעה ,24,עכו ,24,עכו ,0, ,4327,395,824,1843,420,405,440
376,518,מעיליא ,24,עכו ,24,עכו ,0, ,3440,216,550,1291,498,347,538
377,520,משהד ,25,נצרת ,25,נוף הגליל ,0, ,9438,904,2318,4103,907,604,602
378,521,עין נקובא ,11,ירושלים ,11,ירושלים ,26,מטה יהודה ,4235,514,1182,1781,379,209,170
379,522,נחף ,24,עכו ,20,כרמיאל ,0, ,14602,1340,3533,6428,1547,945,809
380,523,ניין ,23,עפולה ,23,עפולה ,66,בוסתאן אל-מרג' ,2153,222,430,908,250,158,185
381,524,נאעורה ,23,עפולה ,23,עפולה ,8,הגלבוע ,2632,246,680,1097,294,158,157
382,525,סאג'ור ,24,עכו ,20,כרמיאל ,0, ,4653,391,940,2094,602,318,308
383,526,סולם ,23,עפולה ,23,עפולה ,66,בוסתאן אל-מרג' ,3176,285,702,1348,357,238,246
384,527,שזור ,24,עכו ,21,צפת ,2,מרום הגליל ,356,23,59,121,37,33,83
385,528,עוזייר ,25,נצרת ,25,נוף הגליל ,65,אל-בטוף ,3656,424,876,1585,386,204,181
386,529,אעבלין ,24,עכו ,24,עכו ,0, ,14159,1064,3110,5850,1733,1212,1190
387,530,עיילבון ,22,כנרת ,22,טבריה ,0, ,6006,413,1194,2420,724,515,740
388,531,עראבה ,24,עכו ,24,עכו ,0, ,28851,2604,7013,12304,3176,1967,1787
389,532,עין מאהל ,25,נצרת ,25,נוף הגליל ,0, ,14722,1339,3268,6287,1653,1177,998
390,534,עספיא ,31,חיפה ,31,חיפה ,0, ,13280,885,2490,5291,1832,1241,1541
391,535,פסוטה ,24,עכו ,24,עכו ,0, ,3631,207,640,1438,483,370,493
392,536,פקיעין )בוקייעה( ,24,עכו ,24,עכו ,0, ,6397,440,1182,2679,781,594,721
393,537,פוריידיס ,32,חדרה ,32,חדרה ,0, ,14207,1183,3457,5879,1642,1085,961
394,538,שעב ,24,עכו ,24,עכו ,0, ,8074,789,1782,3463,917,662,461
395,539,רומאנה ,25,נצרת ,25,נוף הגליל ,65,אל-בטוף ,1356,140,335,630,120,80,51
396,540,ריחאניה ,21,צפת ,21,צפת ,2,מרום הגליל ,1327,92,257,525,168,115,170
397,541,ג'סר א-זרקא ,32,חדרה ,32,חדרה ,0, ,16020,1620,4395,6796,1640,880,689
398,542,ריינה ,25,נצרת ,25,נוף הגליל ,0, ,17803,1451,3858,7443,2045,1514,1492
399,543,ראמה ,24,עכו ,20,כרמיאל ,0, ,8712,539,1600,3429,1100,838,1206
400,546,עין אל-אסד ,24,עכו ,21,צפת ,2,מרום הגליל ,960,65,185,411,127,93,79
401,547,טמרה )יזרעאל( ,23,עפולה ,23,עפולה ,8,הגלבוע ,1758,159,431,733,205,110,120
402,549,גנות הדר ,41,השרון ,41,נתניה ,18,לב השרון ,1008,42,193,349,161,120,143
403,553,ניר בנים ,61,אשקלון ,61,אשקלון ,33,באר טוביה ,764,40,151,265,83,110,115
404,555,שדמה ,44,רחובות ,44,רחובות ,32,גדרות ,526,31,92,170,73,70,90
405,559,בוסתן הגליל ,24,עכו ,24,עכו ,4,מטה אשר ,1130,94,274,381,149,81,151
406,562,בית אלעזרי ,44,רחובות ,44,רחובות ,28,ברנר ,1615,98,402,492,253,133,237
407,563,משמר דוד ,43,רמלה ,43,רמלה ,30,גזר ,1509,99,585,417,266,57,85
408,564,רבדים ,61,אשקלון ,61,אשקלון ,35,יואב ,941,49,229,260,172,79,152
409,565,אזור ,53,חולון ,53,חולון ,0, ,13774,1107,2646,4471,1741,1196,2613
410,566,גבעת שמש ,11,ירושלים ,13,בית שמש ,26,מטה יהודה ,7,0,0,2,1,0,4
411,567,צרעה ,11,ירושלים ,13,בית שמש ,26,מטה יהודה ,1283,65,208,349,221,94,346
412,570,מעונה ,24,עכו ,24,עכו ,52,מעלה יוסף ,941,50,186,341,130,86,148
413,571,בית גמליאל ,44,רחובות ,44,רחובות ,29,חבל יבנה ,1097,93,254,356,133,73,188
414,572,בית העמק ,24,עכו ,24,עכו ,4,מטה אשר ,818,61,173,248,90,74,172
415,573,מבקיעים ,61,אשקלון ,61,אשקלון ,36,חוף אשקלון ,594,81,104,252,54,42,61
416,574,גשר הזיו ,24,עכו ,24,עכו ,4,מטה אשר ,1710,48,352,585,311,201,213
417,575,יסעור ,24,עכו ,24,עכו ,4,מטה אשר ,985,61,300,277,161,64,122
418,576,כברי ,24,עכו ,24,עכו ,4,מטה אשר ,1236,73,274,346,187,112,244
419,577,יד בנימין ,44,רחובות ,44,רחובות ,31,נחל שורק ,4572,502,1396,1691,537,238,208
420,578,סאסא ,21,צפת ,21,צפת ,1,הגליל העליון ,543,29,80,172,54,57,151
421,579,כפר ראש הנקרה ,24,עכו ,24,עכו ,4,מטה אשר ,1544,69,315,499,249,163,249
422,580,כרם מהרל ,32,חדרה ,32,חדרה ,15,חוף הכרמל ,1016,60,237,306,167,88,158
423,582,כפר הנגיד ,44,רחובות ,44,רחובות ,27,גן רווה ,1060,90,194,348,138,97,193
424,584,זיקים ,61,אשקלון ,61,אשקלון ,36,חוף אשקלון ,1195,100,238,407,158,107,185
425,585,לביא ,22,כנרת ,22,טבריה ,3,הגליל התחתון ,757,67,158,305,63,47,117
426,586,מגידו ,23,עפולה ,23,עפולה ,13,מגידו ,1010,50,228,301,190,106,135
427,587,סביון ,42,פתח תקווה ,42,פתח תקוה ,0, ,5355,195,990,1423,774,691,1282
428,588,בני ראם ,44,רחובות ,44,רחובות ,31,נחל שורק ,1383,123,331,488,185,112,144
429,589,בצת ,24,עכו ,24,עכו ,4,מטה אשר ,689,71,165,235,71,53,94
430,590,נווה אור ,23,עפולה ,23,עפולה ,7,עמק המעיינות ,521,31,115,172,60,41,102
431,591,עשרת ,44,רחובות ,44,רחובות ,32,גדרות ,1089,44,185,321,130,180,229
432,592,בני דרום ,44,רחובות ,44,רחובות ,29,חבל יבנה ,1075,108,373,332,125,53,84
433,593,ערוגות ,61,אשקלון ,61,אשקלון ,33,באר טוביה ,1009,65,249,309,161,77,148
434,594,צפריה ,43,רמלה ,43,רמלה ,40,שדות דן ,1019,123,320,304,132,35,105
435,595,לוחמי הגיטאות ,24,עכו ,24,עכו ,4,מטה אשר ,965,91,255,311,108,46,154
436,596,מלכיה ,21,צפת ,21,צפת ,1,הגליל העליון ,577,23,97,176,95,56,130
437,597,פלמחים ,44,רחובות ,44,רחובות ,27,גן רווה ,889,68,172,291,135,81,142
438,598,בית קמה ,62,באר שבע ,62,באר שבע ,41,בני שמעון ,1180,46,307,369,251,96,111
439,599,פרוד ,21,צפת ,21,צפת ,2,מרום הגליל ,743,56,214,207,98,47,121
440,602,נירים ,62,באר שבע ,62,באר שבע ,38,אשכול ,594,41,105,203,72,40,133
441,603,אלקוש ,24,עכו ,24,עכו ,52,מעלה יוסף ,296,13,34,108,35,42,64
442,604,בית עריף ,43,רמלה ,43,רמלה ,25,חבל מודיעין ,1046,91,200,355,117,138,145
443,605,כפר שמאי ,21,צפת ,21,צפת ,2,מרום הגליל ,618,62,207,170,65,39,75
444,606,מזור ,42,פתח תקווה ,42,פתח תקוה ,25,חבל מודיעין ,1148,51,229,388,165,135,180
445,607,מירון ,21,צפת ,21,צפת ,2,מרום הגליל ,989,130,243,347,102,54,113
446,609,כפר חושן ,21,צפת ,21,צפת ,2,מרום הגליל ,935,69,232,324,105,98,107
447,610,סתריה ,43,רמלה ,43,רמלה ,30,גזר ,1134,81,240,326,173,113,201
448,612,צרופה ,32,חדרה ,32,חדרה ,15,חוף הכרמל ,1100,99,227,399,133,105,137
449,613,ציפורי ,23,עפולה ,23,עפולה ,9,עמק יזרעאל ,1054,87,248,357,133,86,143
450,614,שומרה ,24,עכו ,24,עכו ,52,מעלה יוסף ,434,38,80,154,51,47,64
451,615,קדרון ,44,רחובות ,44,רחובות ,28,ברנר ,1695,88,375,536,253,198,245
452,616,רינתיה ,42,פתח תקווה ,42,פתח תקוה ,25,חבל מודיעין ,1038,78,256,321,159,72,152
453,617,ברקאי ,32,חדרה ,32,חדרה ,14,מנשה ,749,33,158,209,117,80,152
454,618,חדיד ,43,רמלה ,43,רמלה ,25,חבל מודיעין ,1004,86,256,309,123,88,142
455,619,בית גוברין ,61,אשקלון ,61,אשקלון ,35,יואב ,497,34,128,140,90,51,54
456,620,משואות יצחק ,61,אשקלון ,61,אשקלון ,34,שפיר ,719,73,192,230,54,42,128
457,622,עין צורים ,61,אשקלון ,61,אשקלון ,34,שפיר ,865,111,246,289,71,35,113
458,623,יראון ,21,צפת ,21,צפת ,1,הגליל העליון ,506,31,85,173,69,37,111
459,627,ג'לג'וליה ,42,פתח תקווה ,47,כפר סבא ,0, ,11466,1132,2786,4804,1223,783,738
460,628,ג'ת ,32,חדרה ,32,חדרה ,0, ,13514,1278,3029,5624,1368,1090,1125
461,633,כפר ברא ,42,פתח תקווה ,42,פתח תקוה ,0, ,4426,542,1090,1904,411,273,206
462,634,כפר קאסם ,42,פתח תקווה ,42,פתח תקוה ,0, ,27178,2860,6574,11561,2802,1877,1504
463,635,מוקייבלה ,23,עפולה ,23,עפולה ,8,הגלבוע ,4694,564,1160,1958,485,290,237
464,636,צנדלה ,23,עפולה ,23,עפולה ,8,הגלבוע ,2007,176,441,832,194,166,198
465,637,ערערה ,32,חדרה ,32,חדרה ,0, ,21902,2002,4899,8942,2591,1747,1721
466,638,קלנסווה ,41,השרון ,41,נתניה ,0, ,25226,2526,6219,10697,2569,1719,1496
467,648,מצר ,32,חדרה ,32,חדרה ,14,מנשה ,575,40,87,171,70,58,149
468,649,מייסר ,32,חדרה ,32,חדרה ,14,מנשה ,2182,186,516,887,268,166,159
469,652,אבטין ,31,חיפה ,31,חיפה ,12,זבולון ,3026,289,721,1263,309,231,213
470,654,כפר קרע ,32,חדרה ,32,חדרה ,0, ,21552,2075,4829,8950,2356,1686,1656
471,658,שייח' דנון ,24,עכו ,24,עכו ,4,מטה אשר ,3170,287,673,1381,366,236,227
472,661,שער אפרים ,41,השרון ,41,נתניה ,18,לב השרון ,1994,103,495,651,333,221,191
473,662,חוסן ,24,עכו ,24,עכו ,52,מעלה יוסף ,1259,101,313,433,172,111,129
474,663,טירת יהודה ,42,פתח תקווה ,42,פתח תקוה ,25,חבל מודיעין ,1261,117,291,432,172,97,152
475,664,כרם בן זמרה ,21,צפת ,21,צפת ,2,מרום הגליל ,673,66,165,243,61,57,81
476,665,תקומה ,62,באר שבע ,62,באר שבע ,39,שדות נגב ,857,79,250,298,100,32,98
477,666,עומר ,62,באר שבע ,62,באר שבע ,0, ,9081,404,1937,2616,1354,813,1957
478,667,ברעם ,21,צפת ,21,צפת ,1,הגליל העליון ,763,48,127,255,102,70,161
479,668,מפלסים ,61,אשקלון ,61,אשקלון ,37,שער הנגב ,1002,66,151,412,92,108,173
480,670,משמר איילון ,43,רמלה ,43,רמלה ,30,גזר ,589,43,158,176,83,37,92
481,672,בית נקופה ,11,ירושלים ,11,ירושלים ,26,מטה יהודה ,700,57,157,231,69,68,118
482,673,כפר טרומן ,43,רמלה ,43,רמלה ,25,חבל מודיעין ,846,61,181,274,106,95,129
483,674,לימן ,24,עכו ,24,עכו ,4,מטה אשר ,908,67,175,335,124,87,120
484,675,הבונים ,32,חדרה ,32,חדרה ,15,חוף הכרמל ,541,35,141,151,69,39,106
485,676,עין השלושה ,62,באר שבע ,62,באר שבע ,38,אשכול ,399,30,62,132,41,41,93
486,677,הסוללים ,23,עפולה ,23,עפולה ,9,עמק יזרעאל ,1076,89,209,346,127,128,177
487,678,מעגן ,22,כנרת ,22,טבריה ,6,עמק הירדן ,473,45,88,166,48,33,93
488,679,אביאל ,32,חדרה ,32,חדרה ,45,אלונה ,844,48,241,261,145,62,87
489,680,אומץ ,41,השרון ,41,נתניה ,16,עמק חפר ,801,43,200,254,122,84,98
490,681,גבעת שמואל ,42,פתח תקווה ,42,פתח תקוה ,0, ,31615,2948,7184,11041,3702,2148,4592
491,682,אליקים ,23,עפולה ,23,עפולה ,13,מגידו ,917,87,199,320,82,72,157
492,683,גבע כרמל ,32,חדרה ,32,חדרה ,15,חוף הכרמל ,1070,75,253,349,155,92,146
493,684,היוגב ,23,עפולה ,23,עפולה ,9,עמק יזרעאל ,1052,105,289,335,107,39,177
494,685,בניה ,44,רחובות ,44,רחובות ,28,ברנר ,894,64,220,273,97,89,151
495,686,נווה ימין ,42,פתח תקווה ,47,כפר סבא ,20,דרום השרון ,1266,98,211,433,161,135,228
496,687,עין איילה ,32,חדרה ,32,חדרה ,15,חוף הכרמל ,1191,90,269,412,183,118,119
497,688,עלמה ,21,צפת ,21,צפת ,2,מרום הגליל ,899,79,215,338,109,78,80
498,689,מגדים ,32,חדרה ,32,חדרה ,15,חוף הכרמל ,1207,84,272,396,180,99,176
499,690,כפר אחים ,61,אשקלון ,61,אשקלון ,33,באר טוביה ,822,64,216,258,103,69,112
500,692,שפיר ,61,אשקלון ,61,אשקלון ,34,שפיר ,1004,103,309,323,128,55,86
501,693,נתיב הלה ,11,ירושלים ,13,בית שמש ,26,מטה יהודה ,730,47,141,228,95,109,110
502,694,מעגן מיכאל ,32,חדרה ,32,חדרה ,15,חוף הכרמל ,2451,183,473,916,284,201,394
503,695,מגן ,62,באר שבע ,62,באר שבע ,38,אשכול ,631,45,95,214,73,46,158
504,696,כפר חבד ,43,רמלה ,43,רמלה ,40,שדות דן ,8168,1140,2478,2838,629,397,686
505,697,בארותיים ,41,השרון ,41,נתניה ,16,עמק חפר ,1162,68,282,359,219,82,152
506,698,בורגתה ,41,השרון ,41,נתניה ,16,עמק חפר ,1186,78,248,379,177,127,177
507,699,ניר ישראל ,61,אשקלון ,61,אשקלון ,36,חוף אשקלון ,905,52,218,290,143,62,140
508,700,חצב ,61,אשקלון ,61,אשקלון ,33,באר טוביה ,1344,124,323,438,160,125,174
509,701,ארבל ,22,כנרת ,22,טבריה ,3,הגליל התחתון ,760,60,182,243,123,49,103
510,702,האון ,22,כנרת ,22,טבריה ,6,עמק הירדן ,205,13,14,85,24,18,51
511,703,גבעת עוז ,23,עפולה ,23,עפולה ,13,מגידו ,579,38,84,168,76,63,150
512,705,נחשונים ,42,פתח תקווה ,42,פתח תקוה ,20,דרום השרון ,556,34,132,151,85,48,106
513,706,גיאה ,61,אשקלון ,61,אשקלון ,36,חוף אשקלון ,878,67,208,260,132,64,147
514,707,כפר דניאל ,43,רמלה ,43,רמלה ,25,חבל מודיעין ,672,20,142,201,131,83,95
515,708,עמקה ,24,עכו ,24,עכו ,4,מטה אשר ,942,99,221,311,99,76,136
516,709,תפרח ,62,באר שבע ,62,באר שבע ,42,מרחבים ,2312,339,837,709,177,86,164
517,710,בית זית ,11,ירושלים ,11,ירושלים ,26,מטה יהודה ,1516,104,268,478,193,172,301
518,711,עזריה ,43,רמלה ,43,רמלה ,30,גזר ,1209,102,294,416,159,90,148
519,712,בן עמי ,24,עכו ,24,עכו ,4,מטה אשר ,806,65,186,254,96,84,121
520,713,רעים ,62,באר שבע ,62,באר שבע ,38,אשכול ,521,25,101,163,72,52,108
521,714,ארז ,61,אשקלון ,61,אשקלון ,37,שער הנגב ,691,62,127,264,83,53,102
522,715,להבות חביבה ,32,חדרה ,32,חדרה ,14,מנשה ,1077,73,290,304,211,96,103
523,716,אייל ,42,פתח תקווה ,47,כפר סבא ,20,דרום השרון ,655,71,144,215,70,45,110
524,717,חגור ,42,פתח תקווה ,42,פתח תקוה ,20,דרום השרון ,1056,75,221,332,175,106,147
525,718,ירחיב ,42,פתח תקווה ,47,כפר סבא ,20,דרום השרון ,1156,97,218,436,120,157,128
526,719,תל קציר ,22,כנרת ,22,טבריה ,6,עמק הירדן ,620,64,154,197,70,34,101
527,720,ניר גלים ,44,רחובות ,44,רחובות ,29,חבל יבנה ,1261,107,416,440,140,59,99
528,721,שדה אילן ,22,כנרת ,22,טבריה ,3,הגליל התחתון ,802,103,246,259,84,17,93
529,722,מגשימים ,42,פתח תקווה ,42,פתח תקוה ,20,דרום השרון ,960,77,183,292,133,87,188
530,723,בית הגדי ,62,באר שבע ,62,באר שבע ,39,שדות נגב ,957,100,229,366,71,94,97
531,726,הודיה ,61,אשקלון ,61,אשקלון ,36,חוף אשקלון ,810,63,205,247,113,52,130
532,727,תלמי יחיאל ,61,אשקלון ,61,אשקלון ,33,באר טוביה ,944,65,222,324,127,87,119
533,729,משמר השבעה ,43,רמלה ,43,רמלה ,40,שדות דן ,1010,84,198,302,129,111,186
534,730,אליפלט ,21,צפת ,21,צפת ,55,מבואות החרמון ,826,89,190,296,71,61,119
535,731,מישר ,44,רחובות ,44,רחובות ,32,גדרות ,749,43,208,199,120,55,124
536,732,משמר הירדן ,21,צפת ,21,צפת ,55,מבואות החרמון ,890,69,205,323,91,75,127
537,734,גן יאשיה ,41,השרון ,41,נתניה ,16,עמק חפר ,961,61,208,322,127,113,130
538,735,רמות מאיר ,43,רמלה ,43,רמלה ,30,גזר ,777,37,174,211,138,92,125
539,736,גילת ,62,באר שבע ,62,באר שבע ,42,מרחבים ,1660,145,400,596,215,127,177
540,737,עולש ,41,השרון ,41,נתניה ,16,עמק חפר ,1202,92,309,375,170,112,144
541,738,דור ,32,חדרה ,32,חדרה ,15,חוף הכרמל ,450,61,95,157,29,29,79
542,739,שדה עוזיהו ,61,אשקלון ,61,אשקלון ,33,באר טוביה ,1504,146,361,528,149,127,193
543,740,אשתאול ,11,ירושלים ,13,בית שמש ,26,מטה יהודה ,1112,101,252,399,129,91,140
544,741,שואבה ,11,ירושלים ,13,בית שמש ,26,מטה יהודה ,595,31,105,192,77,80,110
545,742,מסילת ציון ,11,ירושלים ,13,בית שמש ,26,מטה יהודה ,1025,75,212,366,127,114,131
546,743,כפר שמואל ,43,רמלה ,43,רמלה ,30,גזר ,932,75,228,307,131,66,125
547,744,תלמי יפה ,61,אשקלון ,61,אשקלון ,36,חוף אשקלון ,718,30,143,234,127,90,94
548,745,גמזו ,43,רמלה ,43,רמלה ,25,חבל מודיעין ,1148,118,324,360,144,69,133
549,746,ברכיה ,61,אשקלון ,61,אשקלון ,36,חוף אשקלון ,1241,140,312,443,107,100,139
550,747,בית שקמה ,61,אשקלון ,61,אשקלון ,36,חוף אשקלון ,888,79,213,309,99,58,130
551,748,מסלול ,62,באר שבע ,62,באר שבע ,42,מרחבים ,924,91,219,331,136,60,87
552,749,פטיש ,62,באר שבע ,62,באר שבע ,42,מרחבים ,1060,108,263,380,84,97,128
553,750,פדויים ,62,באר שבע ,62,באר שבע ,42,מרחבים ,475,26,92,181,58,55,63
554,751,בית מאיר ,11,ירושלים ,13,בית שמש ,26,מטה יהודה ,425,46,79,168,32,37,63
555,752,תעוז ,11,ירושלים ,13,בית שמש ,26,מטה יהודה ,654,53,172,194,76,52,107
556,753,ינוב ,41,השרון ,41,נתניה ,18,לב השרון ,880,63,169,296,110,81,161
557,755,גורן ,24,עכו ,24,עכו ,52,מעלה יוסף ,494,38,87,170,46,60,93
558,756,בית עזרא ,61,אשקלון ,61,אשקלון ,33,באר טוביה ,1108,96,207,363,137,132,173
559,757,מצליח ,43,רמלה ,43,רמלה ,30,גזר ,1358,117,293,482,120,129,217
560,758,יד חנה ,41,השרון ,41,נתניה ,16,עמק חפר ,1088,69,368,278,222,52,99
561,759,יציץ ,43,רמלה ,43,רמלה ,30,גזר ,886,110,173,308,96,76,123
562,760,בן זכאי ,44,רחובות ,44,רחובות ,29,חבל יבנה ,886,81,200,306,100,99,100
563,761,שובה ,62,באר שבע ,62,באר שבע ,39,שדות נגב ,926,109,315,286,95,47,74
564,762,בטחה ,62,באר שבע ,62,באר שבע ,42,מרחבים ,850,67,172,296,101,102,112
565,763,שתולים ,61,אשקלון ,61,אשקלון ,33,באר טוביה ,2049,173,418,750,230,231,247
566,764,כפר מרדכי ,44,רחובות ,44,רחובות ,32,גדרות ,695,42,184,191,97,64,117
567,765,משגב דב ,44,רחובות ,44,רחובות ,32,גדרות ,778,49,186,235,126,76,106
568,766,קוממיות ,61,אשקלון ,61,אשקלון ,34,שפיר ,527,62,186,139,30,31,79
569,767,פורת ,41,השרון ,41,נתניה ,18,לב השרון ,1408,127,317,512,152,153,147
570,768,כרמיה ,61,אשקלון ,61,אשקלון ,36,חוף אשקלון ,802,75,190,295,104,51,87
571,769,ניר עציון ,32,חדרה ,32,חדרה ,15,חוף הכרמל ,695,101,165,254,54,49,72
572,771,מבוא ביתר ,11,ירושלים ,11,ירושלים ,26,מטה יהודה ,1168,94,341,357,159,80,137
573,772,אמונים ,61,אשקלון ,61,אשקלון ,33,באר טוביה ,1007,72,219,318,143,115,140
574,773,עמיקם ,32,חדרה ,32,חדרה ,45,אלונה ,775,36,173,275,106,86,99
575,774,צוריאל ,24,עכו ,24,עכו ,52,מעלה יוסף ,487,53,87,180,48,57,62
576,775,יד נתן ,61,אשקלון ,61,אשקלון ,50,לכיש ,594,42,131,177,100,46,98
577,776,מחסיה ,11,ירושלים ,13,בית שמש ,26,מטה יהודה ,518,56,137,170,50,33,72
578,777,נחשון ,11,ירושלים ,13,בית שמש ,26,מטה יהודה ,724,48,157,213,83,57,166
579,778,תרום ,11,ירושלים ,13,בית שמש ,26,מטה יהודה ,955,60,263,334,131,66,101
580,779,עמינדב ,11,ירושלים ,11,ירושלים ,26,מטה יהודה ,880,71,172,277,130,79,151
581,780,אורה ,11,ירושלים ,11,ירושלים ,26,מטה יהודה ,1233,118,240,460,136,124,155
582,783,אבן ספיר ,11,ירושלים ,11,ירושלים ,26,מטה יהודה ,689,49,133,226,97,68,116
583,784,בית נחמיה ,43,רמלה ,43,רמלה ,25,חבל מודיעין ,899,73,170,269,134,110,143
584,785,אחיהוד ,24,עכו ,24,עכו ,4,מטה אשר ,1085,128,213,415,116,99,114
585,786,כפר זיתים ,22,כנרת ,22,טבריה ,3,הגליל התחתון ,768,82,201,249,60,60,116
586,787,גבעת יערים ,11,ירושלים ,13,בית שמש ,26,מטה יהודה ,1254,95,252,424,139,146,198
587,788,זיתן ,43,רמלה ,43,רמלה ,40,שדות דן ,1091,86,212,387,135,88,183
588,789,רנן ,62,באר שבע ,62,באר שבע ,42,מרחבים ,684,49,167,237,90,60,81
589,791,משען ,61,אשקלון ,61,אשקלון ,36,חוף אשקלון ,979,74,209,341,108,114,133
590,792,נתיב השיירה ,24,עכו ,24,עכו ,4,מטה אשר ,510,30,95,175,51,52,107
591,793,גבעתי ,61,אשקלון ,61,אשקלון ,33,באר טוביה ,1040,101,263,345,116,86,129
592,794,עגור ,11,ירושלים ,13,בית שמש ,26,מטה יהודה ,500,46,124,174,58,43,55
593,795,יערה ,24,עכו ,24,עכו ,52,מעלה יוסף ,964,70,217,379,105,77,116
594,796,צלפון ,11,ירושלים ,13,בית שמש ,26,מטה יהודה ,1048,77,269,346,128,73,155
595,797,אחיעזר ,43,רמלה ,43,רמלה ,40,שדות דן ,2108,302,541,714,160,173,218
596,798,יגל ,43,רמלה ,43,רמלה ,40,שדות דן ,890,62,203,305,109,89,122
597,799,זכריה ,11,ירושלים ,13,בית שמש ,26,מטה יהודה ,1105,88,253,375,130,128,131
598,800,בית חנניה ,32,חדרה ,32,חדרה ,15,חוף הכרמל ,869,65,188,294,100,100,122
599,801,חמד ,43,רמלה ,43,רמלה ,40,שדות דן ,1225,143,388,381,144,48,121
600,802,גבעת כח ,42,פתח תקווה ,42,פתח תקוה ,25,חבל מודיעין ,990,103,213,340,99,105,130
601,803,יושיביה ,62,באר שבע ,62,באר שבע ,39,שדות נגב ,746,58,267,232,83,40,66
602,804,אחיסמך ,43,רמלה ,43,רמלה ,25,חבל מודיעין ,1308,120,319,449,142,118,160
603,805,ישעי ,11,ירושלים ,13,בית שמש ,26,מטה יהודה ,919,103,231,312,88,71,114
604,806,עין יהב ,62,באר שבע ,63,אילת ,54,הערבה התיכונה ,961,44,239,306,157,95,120
605,807,חניאל ,41,השרון ,41,נתניה ,16,עמק חפר ,917,58,177,301,106,115,160
606,808,ניר אליהו ,42,פתח תקווה ,47,כפר סבא ,20,דרום השרון ,681,32,166,171,126,40,146
607,809,נחם ,11,ירושלים ,13,בית שמש ,26,מטה יהודה ,640,66,141,221,60,51,101
608,810,עופר ,32,חדרה ,32,חדרה ,15,חוף הכרמל ,583,46,130,201,61,61,84
609,811,יכיני ,61,אשקלון ,61,אשקלון ,37,שער הנגב ,807,78,174,282,96,74,103
610,812,שלומי ,24,עכו ,24,עכו ,0, ,8796,639,1718,3206,1265,841,1127
611,813,עין יעקב ,24,עכו ,24,עכו ,52,מעלה יוסף ,1258,117,311,451,142,115,122
612,814,תלמים ,61,אשקלון ,61,אשקלון ,50,לכיש ,883,88,214,310,75,70,126
613,815,זבדיאל ,61,אשקלון ,61,אשקלון ,34,שפיר ,789,87,224,272,58,60,88
614,816,זנוח ,11,ירושלים ,13,בית שמש ,26,מטה יהודה ,533,45,95,191,57,66,79
615,817,עזריקם ,61,אשקלון ,61,אשקלון ,33,באר טוביה ,1439,123,336,526,142,135,177
616,818,זרחיה ,61,אשקלון ,61,אשקלון ,34,שפיר ,802,80,197,300,84,63,78
617,819,אביגדור ,61,אשקלון ,61,אשקלון ,33,באר טוביה ,915,74,216,272,122,74,157
618,820,חלץ ,61,אשקלון ,61,אשקלון ,36,חוף אשקלון ,577,46,126,176,75,64,90
619,821,אחוזם ,61,אשקלון ,61,אשקלון ,50,לכיש ,542,42,89,205,59,64,83
620,822,מטע ,11,ירושלים ,13,בית שמש ,26,מטה יהודה ,883,66,214,308,94,93,108
621,823,בר גיורא ,11,ירושלים ,13,בית שמש ,26,מטה יהודה ,735,104,157,263,59,48,104
622,824,כוכב מיכאל ,61,אשקלון ,61,אשקלון ,36,חוף אשקלון ,1197,76,323,343,201,81,173
623,825,נס הרים ,11,ירושלים ,13,בית שמש ,26,מטה יהודה ,1416,79,426,468,232,92,119
624,826,עוזה ,61,אשקלון ,61,אשקלון ,34,שפיר ,420,37,73,114,39,74,83
625,827,נווה מבטח ,61,אשקלון ,61,אשקלון ,33,באר טוביה ,676,46,145,222,108,43,112
626,828,ישרש ,43,רמלה ,43,רמלה ,30,גזר ,1069,108,233,356,125,108,139
627,829,מבטחים ,62,באר שבע ,62,באר שבע ,38,אשכול ,569,55,104,191,42,66,111
628,831,ירוחם ,62,באר שבע ,62,באר שבע ,0, ,12622,1299,3082,4533,1245,1014,1449
629,833,נורית ,23,עפולה ,23,עפולה ,8,הגלבוע ,306,18,103,96,61,14,14
630,836,גנות ,43,רמלה ,43,רמלה ,40,שדות דן ,508,46,101,159,69,41,92
631,837,עזריאל ,41,השרון ,41,נתניה ,18,לב השרון ,957,71,240,311,147,71,117
632,838,פדיה ,43,רמלה ,43,רמלה ,30,גזר ,803,53,155,296,91,88,120
633,839,פתחיה ,43,רמלה ,43,רמלה ,30,גזר ,905,86,182,319,83,102,133
634,840,כיסופים ,62,באר שבע ,62,באר שבע ,38,אשכול ,409,23,76,119,45,50,96
635,841,אלישמע ,42,פתח תקווה ,47,כפר סבא ,20,דרום השרון ,1145,87,232,380,143,125,178
636,842,געש ,41,השרון ,41,נתניה ,19,חוף השרון ,1091,100,232,319,138,87,215
637,843,מרגליות ,21,צפת ,21,צפת ,55,מבואות החרמון ,474,34,51,219,45,56,69
638,844,נחל עוז ,61,אשקלון ,61,אשקלון ,37,שער הנגב ,562,46,118,203,77,33,85
639,845,כפר עזה ,61,אשקלון ,61,אשקלון ,37,שער הנגב ,1063,96,169,446,98,83,171
640,846,שפר ,21,צפת ,21,צפת ,2,מרום הגליל ,521,48,139,156,52,50,76
641,848,בית רבן ,44,רחובות ,44,רחובות ,29,חבל יבנה ,498,144,83,249,11,9,2
642,849,דביר ,62,באר שבע ,62,באר שבע ,41,בני שמעון ,1219,79,378,364,205,78,115
643,850,אחיטוב ,41,השרון ,41,נתניה ,16,עמק חפר ,1037,81,187,361,148,100,160
644,851,ניצני עוז ,41,השרון ,41,נתניה ,18,לב השרון ,1103,85,247,373,149,122,127
645,852,גונן ,21,צפת ,21,צפת ,1,הגליל העליון ,501,17,111,132,84,45,112
646,853,גאליה ,44,רחובות ,44,רחובות ,27,גן רווה ,1140,74,221,371,164,113,197
647,854,רחוב ,23,עפולה ,23,עפולה ,7,עמק המעיינות ,517,53,95,194,59,44,72
648,856,שעלבים ,43,רמלה ,43,רמלה ,30,גזר ,1526,147,519,534,192,69,65
649,857,כפר אביב ,44,רחובות ,44,רחובות ,32,גדרות ,803,55,189,242,124,70,123
650,858,נווה ירק ,42,פתח תקווה ,42,פתח תקוה ,20,דרום השרון ,1257,75,296,403,196,112,175
651,859,כסלון ,11,ירושלים ,13,בית שמש ,26,מטה יהודה ,434,48,95,149,54,31,57
652,861,שדה אליעזר ,21,צפת ,21,צפת ,55,מבואות החרמון ,1018,80,256,321,131,111,119
653,862,גני יוחנן ,44,רחובות ,44,רחובות ,30,גזר ,690,34,138,208,96,79,135
654,863,גינתון ,43,רמלה ,43,רמלה ,25,חבל מודיעין ,954,79,205,295,148,84,143
655,864,בקוע ,11,ירושלים ,13,בית שמש ,26,מטה יהודה ,932,87,240,298,116,77,114
656,865,שיבולים ,62,באר שבע ,62,באר שבע ,39,שדות נגב ,425,27,92,148,58,37,63
657,866,יטבתה ,62,באר שבע ,63,אילת ,53,חבל אילות ,979,46,182,325,139,112,175
658,868,אלוני יצחק ,32,חדרה ,32,חדרה ,14,מנשה ,177,4,17,63,13,14,66
659,870,גבעת השלושה ,42,פתח תקווה ,349,ראש העין ,20,דרום השרון ,778,60,160,243,111,68,136
660,871,עינת ,42,פתח תקווה ,349,ראש העין ,20,דרום השרון ,949,44,259,245,180,92,129
661,872,גאולי תימן ,41,השרון ,32,חדרה ,16,עמק חפר ,401,26,100,113,51,30,81
662,873,שלווה ,61,אשקלון ,61,אשקלון ,34,שפיר ,667,86,142,243,66,52,78
663,874,מגדל העמק ,23,עפולה ,23,עפולה ,0, ,31702,2539,6121,10528,3671,2926,5917
664,877,בית חירות ,41,השרון ,41,נתניה ,16,עמק חפר ,948,58,232,283,133,87,155
665,880,עין שריד ,41,השרון ,41,נתניה ,18,לב השרון ,1587,115,337,554,184,174,223
666,882,אורנים ,31,חיפה ,31,חיפה ,12,זבולון ,7,0,0,4,1,0,2
667,885,שדה בוקר ,62,באר שבע ,62,באר שבע ,48,רמת נגב ,619,39,127,199,71,48,135
668,886,איתנים ,11,ירושלים ,13,בית שמש ,26,מטה יהודה ,3,0,0,0,0,0,3
669,888,כפר הריף ,61,אשקלון ,61,אשקלון ,35,יואב ,893,56,213,288,129,90,117
670,889,כפר חסידים ב' ,31,חיפה ,31,חיפה ,12,זבולון ,271,20,59,85,31,12,64
671,890,כפר הנוער הדתי ,31,חיפה ,31,חיפה ,12,זבולון ,74,13,13,20,4,4,20
672,892,עבדון ,24,עכו ,24,עכו ,52,מעלה יוסף ,743,52,163,263,90,76,99
673,897,מדרשת רופין ,41,השרון ,41,נתניה ,16,עמק חפר ,9,0,0,6,1,1,1
674,913,שבלי - אום אל-גנם ,23,עפולה ,23,עפולה ,0, ,7030,592,1739,2825,830,536,508
675,916,ישע ,62,באר שבע ,62,באר שבע ,38,אשכול ,461,32,101,140,76,42,70
676,917,עצמון שגב ,24,עכו ,20,כרמיאל ,56,משגב ,1449,79,349,481,208,163,169
677,919,גבעת ישעיהו ,11,ירושלים ,13,בית שמש ,26,מטה יהודה ,747,61,160,246,92,84,104
678,921,שער מנשה ,32,חדרה ,32,חדרה ,14,מנשה ,111,0,0,10,19,27,55
679,922,רכסים ,31,חיפה ,27,קריות ,0, ,15094,2746,5006,5032,859,610,841
680,926,נווה אבות ,32,חדרה ,32,חדרה ,0, ,16,0,0,0,0,1,15
681,932,אבו עמרה )שבט( ,62,באר שבע ,62,באר שבע ,0, ,19,2,3,1,3,7,3
682,935,אבו סריחאן )שבט( ,62,באר שבע ,62,באר שבע ,0, ,29,2,3,8,9,3,4
683,939,מסעודין אל-עזאזמה ,62,באר שבע ,62,באר שבע ,0, ,20839,3830,7337,7347,1203,543,579
684,942,סואעד )חמרייה( ,24,עכו ,24,עכו ,9,עמק יזרעאל ,287,30,56,112,31,24,34
685,944,בסמת טבעון ,23,עפולה ,23,עפולה ,0, ,8444,766,1829,3531,987,704,627
686,948,חוג'ייראת )ד'הרה( ,24,עכו ,24,עכו ,56,משגב ,27,0,4,5,3,2,13
687,956,הוזייל )שבט( ,62,באר שבע ,62,באר שבע ,0, ,1699,296,492,552,114,128,117
688,957,עוקבי )בנו עוקבה( ,62,באר שבע ,62,באר שבע ,0, ,672,114,194,269,40,36,19
689,958,אבו עבדון )שבט( ,62,באר שבע ,62,באר שבע ,0, ,299,59,93,102,19,12,14
690,959,אפיניש )שבט( ,62,באר שבע ,62,באר שבע ,0, ,116,20,28,39,12,11,6
691,960,אסד )שבט( ,62,באר שבע ,62,באר שבע ,0, ,1207,253,456,392,44,34,28
692,961,אבו רוקייק )שבט( ,62,באר שבע ,62,באר שבע ,0, ,11509,2007,3884,4242,667,368,341
693,962,טובא-זנגריה ,21,צפת ,21,צפת ,0, ,7376,681,1697,3162,866,532,438
694,963,אעצם )שבט( ,62,באר שבע ,62,באר שבע ,0, ,12732,2522,4491,4480,651,328,260
695,964,קודייראת א-צאנע)שבט( ,62,באר שבע ,62,באר שבע ,0, ,2669,0,1070,1212,206,87,94
696,965,אטרש )שבט( ,62,באר שבע ,62,באר שבע ,0, ,3496,0,1547,1583,200,90,76
697,966,אבו רובייעה )שבט( ,62,באר שבע ,62,באר שבע ,0, ,10086,1921,3451,3567,561,295,291
698,967,אבו ג'ווייעד )שבט( ,62,באר שבע ,62,באר שבע ,0, ,5441,1105,1926,1815,305,133,157
699,968,אבו קורינאת )שבט( ,62,באר שבע ,62,באר שבע ,0, ,7613,1473,2616,2653,443,212,216
700,969,עטאוונה )שבט( ,62,באר שבע ,62,באר שבע ,0, ,156,0,42,65,14,11,24
701,970,תראבין א-צאנע )שבט( ,62,באר שבע ,62,באר שבע ,0, ,1123,0,510,488,67,25,33
702,972,קוואעין )שבט( ,62,באר שבע ,62,באר שבע ,0, ,1108,0,532,498,37,22,19
703,975,זרזיר ,23,עפולה ,23,עפולה ,0, ,9344,894,2408,3922,990,618,512
704,976,ג'נאביב )שבט( ,62,באר שבע ,62,באר שבע ,0, ,1694,355,567,569,109,46,48
705,978,כעביה-טבאש-חג'אג'רה ,25,נצרת ,25,נוף הגליל ,0, ,6590,686,1644,2774,667,440,379
706,986,ח'ואלד )שבט( ,25,נצרת ,31,חיפה ,12,זבולון ,92,15,22,31,6,11,7
707,989,סואעד )כמאנה( )שבט( ,24,עכו ,20,כרמיאל ,0, ,31,0,3,9,7,9,3
708,990,ראס עלי ,31,חיפה ,31,חיפה ,12,זבולון ,754,80,194,325,77,50,28
709,993,חמאם ,22,כנרת ,22,טבריה ,65,אל-בטוף ,1768,158,370,756,205,146,133
710,994,מנשית זבדה ,25,נצרת ,23,עפולה ,9,עמק יזרעאל ,1650,218,439,655,150,114,74
711,997,רומת הייב ,25,נצרת ,25,נוף הגליל ,65,אל-בטוף ,2439,277,606,1010,234,155,157
712,998,ביר אל-מכסור ,24,עכו ,25,נוף הגליל ,0, ,11201,1054,2744,4725,1147,805,726
713,1015,מבשרת ציון ,11,ירושלים ,11,ירושלים ,0, ,28866,2347,5336,9460,3263,2769,5691
714,1020,אור עקיבא ,32,חדרה ,32,חדרה ,0, ,27327,2489,5074,9500,3018,2492,4754
715,1024,חרוצים ,41,השרון ,41,נתניה ,19,חוף השרון ,843,52,165,271,117,94,144
716,1031,שדרות ,61,אשקלון ,61,אשקלון ,0, ,39035,4659,7863,15629,3629,2951,4304
717,1034,קרית מלאכי ,61,אשקלון ,61,אשקלון ,0, ,29281,3449,7076,10697,2398,1991,3670
718,1041,נצאצרה )שבט( ,62,באר שבע ,62,באר שבע ,0, ,430,0,156,170,57,28,19
719,1042,אבו עמאר )שבט( ,62,באר שבע ,62,באר שבע ,0, ,102,12,22,44,12,7,5
720,1043,גיזו ,11,ירושלים ,13,בית שמש ,26,מטה יהודה ,222,15,53,69,31,33,21
721,1044,יעף ,41,השרון ,41,נתניה ,18,לב השרון ,273,13,73,75,61,26,25
722,1045,שתולה ,24,עכו ,24,עכו ,52,מעלה יוסף ,375,43,83,132,39,32,46
723,1046,אוהד ,62,באר שבע ,62,באר שבע ,38,אשכול ,423,12,108,127,92,27,57
724,1047,חזון ,22,כנרת ,22,טבריה ,2,מרום הגליל ,389,34,92,115,38,16,94
725,1050,בית חשמונאי ,43,רמלה ,43,רמלה ,30,גזר ,2342,109,622,744,453,214,200
726,1051,תלמי אליהו ,62,באר שבע ,62,באר שבע ,38,אשכול ,316,16,72,97,50,18,63
727,1052,קטורה ,62,באר שבע ,63,אילת ,53,חבל אילות ,659,42,105,229,68,52,163
728,1053,עין חצבה ,62,באר שבע ,63,אילת ,51,תמר ,59,12,10,18,7,5,7
729,1054,תל שבע ,62,באר שבע ,62,באר שבע ,0, ,24077,4176,7986,9193,1445,709,568
730,1056,עין כרם-ביס חקלאי ,11,ירושלים ,11,ירושלים ,26,מטה יהודה ,18,0,3,7,4,2,2
731,1057,נווה זוהר ,62,באר שבע ,62,באר שבע ,51,תמר ,68,4,4,17,7,11,25
732,1058,שדה ניצן ,62,באר שבע ,62,באר שבע ,38,אשכול ,573,27,105,149,122,47,123
733,1059,כסיפה ,62,באר שבע ,62,באר שבע ,0, ,21972,3817,7225,8317,1363,700,550
734,1060,לקיה ,62,באר שבע ,62,באר שבע ,0, ,19065,3301,5987,7209,1354,678,536
735,1061,נוף הגליל ,25,נצרת ,25,נוף הגליל ,0, ,55913,4317,9344,18474,6710,5341,11727
736,1063,מעלות-תרשיחא ,24,עכו ,24,עכו ,0, ,26014,1696,4793,8852,3282,2629,4762
737,1064,אמירים ,21,צפת ,21,צפת ,2,מרום הגליל ,913,71,190,287,161,75,129
738,1065,זמרת ,62,באר שבע ,62,באר שבע ,39,שדות נגב ,789,105,251,250,79,44,60
739,1066,בני עיש ,44,רחובות ,44,רחובות ,0, ,7265,481,1146,2304,818,820,1696
740,1067,דובב ,21,צפת ,21,צפת ,2,מרום הגליל ,511,45,91,196,55,49,75
741,1068,אדמית ,24,עכו ,24,עכו ,4,מטה אשר ,546,30,106,157,88,60,105
742,1069,רם-און ,23,עפולה ,23,עפולה ,8,הגלבוע ,967,36,223,300,167,134,107
743,1070,אביעזר ,11,ירושלים ,13,בית שמש ,26,מטה יהודה ,924,58,229,283,144,112,98
744,1071,נווה מיכאל ,11,ירושלים ,13,בית שמש ,26,מטה יהודה ,835,84,234,292,84,49,92
745,1072,גן הדרום ,44,רחובות ,44,רחובות ,32,גדרות ,536,27,151,154,87,37,80
746,1076,בית ברל ,42,פתח תקווה ,47,כפר סבא ,20,דרום השרון ,58,5,7,19,10,4,13
747,1077,גבעת שפירא ,41,השרון ,41,נתניה ,16,עמק חפר ,330,16,71,101,57,44,41
748,1079,צפרירים ,11,ירושלים ,13,בית שמש ,26,מטה יהודה ,450,37,88,154,62,46,63
749,1080,מבועים ,62,באר שבע ,62,באר שבע ,42,מרחבים ,1276,110,259,484,127,172,124
750,1081,אבן מנחם ,24,עכו ,24,עכו ,52,מעלה יוסף ,421,42,79,143,45,49,63
751,1082,מעגלים ,62,באר שבע ,62,באר שבע ,39,שדות נגב ,1503,125,284,626,141,190,137
752,1083,תושיה ,62,באר שבע ,62,באר שבע ,39,שדות נגב ,616,60,159,257,69,34,37
753,1084,בן שמן )כפר נוער( ,43,רמלה ,43,רמלה ,25,חבל מודיעין ,252,20,55,78,23,22,54
754,1085,כרם שלום ,62,באר שבע ,62,באר שבע ,38,אשכול ,290,41,67,113,28,22,19
755,1094,כרם ביבנה )ישיבה( ,44,רחובות ,44,רחובות ,29,חבל יבנה ,293,80,59,134,11,2,7
756,1095,כפר מימון ,62,באר שבע ,62,באר שבע ,39,שדות נגב ,847,101,213,322,86,50,75
757,1098,מרכז שפירא ,61,אשקלון ,61,אשקלון ,34,שפיר ,3205,453,954,1057,220,214,307
758,1102,צוקי ים ,41,השרון ,41,נתניה ,16,עמק חפר ,275,15,53,78,51,19,59
759,1103,גני הדר ,43,רמלה ,43,רמלה ,30,גזר ,413,25,93,135,53,42,65
760,1104,פוריה - כפר עבודה ,22,כנרת ,22,טבריה ,6,עמק הירדן ,423,42,75,163,41,41,61
761,1105,פוריה - נווה עובד ,22,כנרת ,22,טבריה ,6,עמק הירדן ,1679,177,370,611,168,114,239
762,1108,אומן ,23,עפולה ,23,עפולה ,8,הגלבוע ,904,92,216,336,102,71,87
763,1110,חבר ,23,עפולה ,23,עפולה ,8,הגלבוע ,1029,104,289,401,112,71,52
764,1112,יודפת ,24,עכו ,20,כרמיאל ,56,משגב ,1066,72,302,368,158,68,98
765,1113,צור הדסה ,11,ירושלים ,13,בית שמש ,0, ,11017,963,3210,3727,1345,808,964
766,1114,שריגים )לי-און( ,11,ירושלים ,13,בית שמש ,26,מטה יהודה ,1121,65,234,384,135,177,126
767,1115,אביבים ,21,צפת ,21,צפת ,2,מרום הגליל ,562,56,121,207,77,39,62
768,1117,יעל ,23,עפולה ,23,עפולה ,8,הגלבוע ,29,3,4,12,1,7,2
769,1123,אדרת ,11,ירושלים ,13,בית שמש ,26,מטה יהודה ,962,63,248,339,151,94,67
770,1124,נאות הכיכר ,62,באר שבע ,62,באר שבע ,51,תמר ,321,21,65,94,44,30,67
771,1125,אלמגור ,22,כנרת ,22,טבריה ,6,עמק הירדן ,466,30,113,129,73,29,92
772,1126,אילות ,62,באר שבע ,63,אילת ,53,חבל אילות ,405,23,90,141,52,22,77
773,1127,מעלה גלבוע ,23,עפולה ,23,עפולה ,7,עמק המעיינות ,892,83,361,276,91,27,54
774,1128,מי עמי ,32,חדרה ,32,חדרה ,14,מנשה ,435,26,122,121,64,33,69
775,1129,גרופית ,62,באר שבע ,63,אילת ,53,חבל אילות ,404,20,76,132,52,37,87
776,1130,כפר רוזנואלד )זרעית( ,24,עכו ,24,עכו ,52,מעלה יוסף ,314,24,44,110,49,33,54
777,1132,שניר ,21,צפת ,21,צפת ,1,הגליל העליון ,780,56,166,282,106,72,98
778,1133,ורדון ,61,אשקלון ,61,אשקלון ,35,יואב ,308,32,66,119,22,35,34
779,1134,יד השמונה ,11,ירושלים ,11,ירושלים ,26,מטה יהודה ,316,28,78,106,43,20,41
780,1136,צוחר ,62,באר שבע ,62,באר שבע ,38,אשכול ,594,49,79,254,70,60,82
781,1137,קרית יערים ,11,ירושלים ,13,בית שמש ,0, ,7818,1397,2547,2741,385,304,444
782,1138,יעד ,24,עכו ,20,כרמיאל ,56,משגב ,928,61,211,303,133,108,112
783,1139,כרמיאל ,24,עכו ,20,כרמיאל ,0, ,55578,3122,9067,17703,7359,5372,12955
784,1140,מדרשת בן גוריון ,62,באר שבע ,62,באר שבע ,48,רמת נגב ,1883,98,473,614,331,164,203
785,1141,מבוא מודיעים ,43,רמלה ,43,רמלה ,25,חבל מודיעין ,222,18,38,82,26,8,50
786,1143,נס עמים ,24,עכו ,24,עכו ,4,מטה אשר ,477,29,166,139,105,11,27
787,1145,אלומה ,61,אשקלון ,61,אשקלון ,34,שפיר ,1603,289,628,516,61,55,54
788,1146,עלומים ,62,באר שבע ,62,באר שבע ,39,שדות נגב ,549,60,132,191,46,33,87
789,1147,נטועה ,24,עכו ,24,עכו ,52,מעלה יוסף ,382,31,85,129,37,38,62
790,1148,צור נתן ,42,פתח תקווה ,47,כפר סבא ,20,דרום השרון ,327,11,63,90,75,13,75
791,1149,עזר ,61,אשקלון ,61,אשקלון ,33,באר טוביה ,743,39,127,263,77,126,111
792,1150,צופר ,62,באר שבע ,63,אילת ,54,הערבה התיכונה ,563,47,121,221,30,58,86
793,1151,פארן ,62,באר שבע ,63,אילת ,54,הערבה התיכונה ,634,44,163,207,63,58,99
794,1152,אשלים ,62,באר שבע ,62,באר שבע ,48,רמת נגב ,745,61,213,255,95,46,75
795,1153,כישור ,24,עכו ,20,כרמיאל ,56,משגב ,148,2,2,37,47,30,30
796,1154,מיטל ,23,עפולה ,23,עפולה ,7,עמק המעיינות ,86,19,32,32,1,2,0
797,1155,מגן שאול ,23,עפולה ,23,עפולה ,8,הגלבוע ,822,66,256,249,113,33,105
798,1156,סמר ,62,באר שבע ,63,אילת ,53,חבל אילות ,297,15,36,123,34,49,40
799,1157,אחווה ,61,אשקלון ,61,אשקלון ,33,באר טוביה ,184,6,7,38,11,20,102
800,1158,יהל ,62,באר שבע ,63,אילת ,53,חבל אילות ,396,31,105,119,41,40,60
801,1160,שכניה ,24,עכו ,20,כרמיאל ,56,משגב ,829,40,179,272,118,109,111
802,1161,רהט ,62,באר שבע ,62,באר שבע ,0, ,80745,13036,25322,32074,5562,2658,2093
803,1162,בית רימון ,23,עפולה ,23,עפולה ,3,הגליל התחתון ,1271,201,505,430,70,27,38
804,1163,מורן ,24,עכו ,20,כרמיאל ,56,משגב ,520,31,121,168,75,40,85
805,1165,שילת ,43,רמלה ,43,רמלה ,25,חבל מודיעין ,840,73,200,277,113,75,102
806,1166,כפר רות ,43,רמלה ,43,רמלה ,25,חבל מודיעין ,282,31,71,79,25,10,66
807,1167,קיסריה ,32,חדרה ,32,חדרה ,15,חוף הכרמל ,7598,385,1395,2266,999,980,1573
808,1169,הוואשלה )שבט( ,62,באר שבע ,62,באר שבע ,0, ,2204,0,941,987,136,76,64
809,1170,סייד )שבט( ,62,באר שבע ,62,באר שבע ,0, ,1846,1,911,761,66,46,61
810,1171,לוטם ,24,עכו ,20,כרמיאל ,56,משגב ,804,40,227,248,142,76,71
811,1172,תובל ,24,עכו ,20,כרמיאל ,56,משגב ,505,31,110,182,55,65,62
812,1173,לפידות ,24,עכו ,24,עכו ,52,מעלה יוסף ,143,5,17,48,16,4,53
813,1174,מנוף ,24,עכו ,20,כרמיאל ,56,משגב ,926,22,228,284,155,99,138
814,1175,עידן ,62,באר שבע ,62,באר שבע ,54,הערבה התיכונה ,536,33,122,195,84,35,67
815,1176,ספיר ,62,באר שבע ,63,אילת ,54,הערבה התיכונה ,616,58,151,204,79,67,57
816,1177,טללים ,62,באר שבע ,62,באר שבע ,48,רמת נגב ,678,50,203,243,119,49,14
817,1178,מורשת ,24,עכו ,20,כרמיאל ,56,משגב ,1775,138,511,634,201,165,126
818,1179,קורנית ,24,עכו ,20,כרמיאל ,56,משגב ,988,38,271,298,139,117,125
819,1180,צביה ,24,עכו ,20,כרמיאל ,56,משגב ,340,18,55,92,44,43,88
820,1181,טל-אל ,24,עכו ,20,כרמיאל ,56,משגב ,1442,85,350,473,205,158,171
821,1182,אלון הגליל ,23,עפולה ,23,עפולה ,9,עמק יזרעאל ,1257,75,293,427,151,151,160
822,1183,כליל ,24,עכו ,24,עכו ,4,מטה אשר ,1055,96,282,364,145,84,84
823,1184,מתת ,24,עכו ,24,עכו ,52,מעלה יוסף ,257,18,52,97,29,23,38
824,1185,פלך ,24,עכו ,20,כרמיאל ,56,משגב ,231,25,84,80,32,5,5
825,1186,הושעיה ,23,עפולה ,23,עפולה ,9,עמק יזרעאל ,2187,170,571,762,253,203,228
826,1187,עיר אובות ,62,באר שבע ,62,באר שבע ,54,הערבה התיכונה ,58,5,22,18,5,3,5
827,1188,אשחר ,24,עכו ,20,כרמיאל ,56,משגב ,1139,92,375,388,165,75,44
828,1190,מצפה נטופה ,23,עפולה ,23,עפולה ,3,הגליל התחתון ,1186,134,363,402,86,91,110
829,1191,בר יוחאי ,21,צפת ,21,צפת ,2,מרום הגליל ,1266,132,381,479,145,86,43
830,1192,ערערה-בנגב ,62,באר שבע ,62,באר שבע ,0, ,21817,3635,7316,8504,1308,574,480
831,1195,ניצנה )קהילת חינוך( ,62,באר שבע ,62,באר שבע ,48,רמת נגב ,320,16,38,220,34,6,6
832,1196,מחנה יתיר ,62,באר שבע ,62,באר שבע ,0, ,329,61,163,95,7,0,3
833,1197,נאות סמדר ,62,באר שבע ,63,אילת ,53,חבל אילות ,254,16,45,94,29,22,48
834,1198,כרמים ,62,באר שבע ,62,באר שבע ,41,בני שמעון ,555,68,200,190,48,34,15
835,1199,עדי ,24,עכו ,24,עכו ,9,עמק יזרעאל ,1965,87,410,627,285,275,281
836,1200,מודיעין-מכבים-רעות ,43,רמלה ,43,רמלה ,0, ,109378,7367,25607,36987,16348,10191,12878
837,1201,כמון ,24,עכו ,20,כרמיאל ,56,משגב ,835,48,195,286,104,95,107
838,1202,מכמנים ,24,עכו ,20,כרמיאל ,56,משגב ,655,42,178,233,71,52,79
839,1203,הררית ,24,עכו ,20,כרמיאל ,56,משגב ,739,41,243,209,134,38,74
840,1204,גילון ,24,עכו ,20,כרמיאל ,56,משגב ,1282,74,272,439,171,168,158
841,1205,מנות ,24,עכו ,24,עכו ,52,מעלה יוסף ,625,51,156,231,63,62,62
842,1206,גיתה ,24,עכו ,24,עכו ,52,מעלה יוסף ,304,12,61,96,46,35,54
843,1207,לבון ,24,עכו ,20,כרמיאל ,56,משגב ,937,38,256,317,190,67,69
844,1208,הילה ,24,עכו ,24,עכו ,52,מעלה יוסף ,600,21,87,229,77,103,83
845,1209,חרשים ,24,עכו ,20,כרמיאל ,56,משגב ,392,46,90,132,42,31,51
846,1210,כחל ,21,צפת ,21,צפת ,55,מבואות החרמון ,550,47,130,178,55,36,104
847,1211,קדרים ,22,כנרת ,22,טבריה ,1,הגליל העליון ,386,45,94,146,22,62,17
848,1212,עמוקה ,21,צפת ,21,צפת ,2,מרום הגליל ,195,13,28,61,14,12,67
849,1213,צבעון ,21,צפת ,21,צפת ,1,הגליל העליון ,457,36,159,160,68,19,15
850,1214,טפחות ,22,כנרת ,22,טבריה ,2,מרום הגליל ,460,66,128,175,32,22,37
851,1219,גורנות הגליל ,24,עכו ,24,עכו ,52,מעלה יוסף ,345,21,79,137,30,27,51
852,1220,אבירים ,24,עכו ,24,עכו ,52,מעלה יוסף ,397,51,86,161,24,31,44
853,1221,צורית ,24,עכו ,20,כרמיאל ,56,משגב ,1005,63,203,362,108,125,144
854,1222,מצפה אביב ,24,עכו ,20,כרמיאל ,56,משגב ,1156,72,322,377,177,107,101
855,1223,שדי אברהם ,62,באר שבע ,62,באר שבע ,38,אשכול ,393,22,87,138,65,45,36
856,1224,כוכב יאיר ,42,פתח תקווה ,47,כפר סבא ,0, ,10456,530,2153,3225,1268,1338,1942
857,1225,רביד ,22,כנרת ,22,טבריה ,6,עמק הירדן ,130,25,18,61,15,11,0
858,1226,יובלים ,24,עכו ,20,כרמיאל ,56,משגב ,1382,63,284,420,203,130,282
859,1227,יתד ,62,באר שבע ,62,באר שבע ,38,אשכול ,664,64,195,232,79,37,57
860,1228,רקפת ,24,עכו ,20,כרמיאל ,56,משגב ,1090,54,231,400,162,132,111
861,1229,כלנית ,22,כנרת ,22,טבריה ,2,מרום הגליל ,295,45,71,111,7,17,44
862,1230,לבנים ,22,כנרת ,22,טבריה ,2,מרום הגליל ,585,51,146,201,59,51,77
863,1231,פרי גן ,62,באר שבע ,62,באר שבע ,38,אשכול ,257,13,63,89,41,12,39
864,1232,יבול ,62,באר שבע ,62,באר שבע ,38,אשכול ,398,23,133,120,64,4,54
865,1233,שקף ,61,אשקלון ,61,אשקלון ,50,לכיש ,613,77,200,221,44,23,48
866,1234,קבועה )שבט( ,62,באר שבע ,62,באר שבע ,0, ,1426,0,525,678,111,56,56
867,1235,שורשים ,24,עכו ,20,כרמיאל ,56,משגב ,722,42,181,251,101,57,90
868,1236,נירית ,42,פתח תקווה ,349,ראש העין ,20,דרום השרון ,1090,60,152,349,120,158,251
869,1237,תלמי יוסף ,62,באר שבע ,62,באר שבע ,38,אשכול ,389,15,78,133,57,32,74
870,1238,סופה ,62,באר שבע ,62,באר שבע ,38,אשכול ,263,21,42,108,19,45,28
871,1239,חולית ,62,באר שבע ,62,באר שבע ,38,אשכול ,222,17,47,102,24,21,11
872,1240,עין הבשור ,62,באר שבע ,62,באר שבע ,38,אשכול ,1175,42,298,369,254,74,138
873,1241,דקל ,62,באר שבע ,62,באר שבע ,38,אשכול ,431,22,116,128,67,33,65
874,1242,נתיב העשרה ,61,אשקלון ,61,אשקלון ,36,חוף אשקלון ,1108,55,248,386,204,82,133
875,1243,קציר ,32,חדרה ,32,חדרה ,14,מנשה ,3170,145,721,1034,474,415,381
876,1244,תמרת ,23,עפולה ,23,עפולה ,9,עמק יזרעאל ,1675,160,321,499,152,136,407
877,1245,סלמה ,24,עכו ,20,כרמיאל ,56,משגב ,3961,438,943,1716,440,224,200
878,1246,עראמשה ,24,עכו ,24,עכו ,4,מטה אשר ,1760,164,426,693,204,128,145
879,1247,חריש ,32,חדרה ,32,חדרה ,0, ,40458,7078,11683,14870,3092,1549,2186
880,1248,אליפז ,62,באר שבע ,63,אילת ,53,חבל אילות ,217,10,59,77,33,30,8
881,1249,הרדוף ,23,עפולה ,23,עפולה ,9,עמק יזרעאל ,687,61,136,260,78,91,61
882,1251,עין תמר ,62,באר שבע ,62,באר שבע ,51,תמר ,232,18,49,79,26,19,41
883,1252,כורזים ,21,צפת ,21,צפת ,55,מבואות החרמון ,466,41,61,171,29,40,124
884,1253,אמנון ,22,כנרת ,22,טבריה ,55,מבואות החרמון ,530,49,116,174,50,39,102
885,1254,נטף ,11,ירושלים ,13,בית שמש ,26,מטה יהודה ,589,85,109,224,41,29,101
886,1255,לוטן ,62,באר שבע ,63,אילת ,53,חבל אילות ,277,27,48,101,34,47,20
887,1256,אשרת ,24,עכו ,24,עכו ,4,מטה אשר ,675,47,146,217,84,55,126
888,1257,חנתון ,23,עפולה ,23,עפולה ,9,עמק יזרעאל ,992,61,332,295,176,61,67
889,1258,מסד ,22,כנרת ,22,טבריה ,3,הגליל התחתון ,493,55,117,169,42,59,51
890,1259,נווה שלום ,11,ירושלים ,13,בית שמש ,26,מטה יהודה ,391,31,82,155,30,38,55
891,1260,רתמים ,62,באר שבע ,62,באר שבע ,48,רמת נגב ,888,129,427,302,22,2,6
892,1261,הר עמשא ,62,באר שבע ,62,באר שבע ,51,תמר ,280,41,92,98,17,16,16
893,1262,צוקים ,62,באר שבע ,62,באר שבע ,54,הערבה התיכונה ,434,31,133,124,97,30,19
894,1263,כפר ורדים ,24,עכו ,24,עכו ,0, ,6186,237,1182,1871,875,689,1332
895,1264,כרמי יוסף ,43,רמלה ,43,רמלה ,30,גזר ,1984,154,407,561,221,165,476
896,1265,שומריה ,62,באר שבע ,62,באר שבע ,41,בני שמעון ,873,114,358,285,52,33,31
897,1266,שחרות ,62,באר שבע ,63,אילת ,53,חבל אילות ,172,9,22,70,22,29,20
898,1267,שיטים ,62,באר שבע ,63,אילת ,53,חבל אילות ,3,0,0,2,1,0,0
899,1268,מיתר ,62,באר שבע ,62,באר שבע ,0, ,12628,781,3594,4181,1769,934,1369
900,1271,להבים ,62,באר שבע ,62,באר שבע ,0, ,7838,496,1623,2485,889,826,1519
901,1272,חלוץ ,24,עכו ,20,כרמיאל ,56,משגב ,640,20,146,229,85,99,61
902,1274,גן נר ,23,עפולה ,23,עפולה ,8,הגלבוע ,2810,133,505,1106,338,384,344
903,1275,אבטליון ,24,עכו ,20,כרמיאל ,56,משגב ,506,18,157,141,103,63,24
904,1276,אשבל ,24,עכו ,20,כרמיאל ,56,משגב ,146,26,37,56,27,0,0
905,1278,באר מילכה ,62,באר שבע ,62,באר שבע ,48,רמת נגב ,230,17,84,73,39,14,3
906,1279,נווה חריף ,62,באר שבע ,63,אילת ,53,חבל אילות ,114,10,17,53,13,14,7
907,1280,ניצני סיני ,62,באר שבע ,62,באר שבע ,48,רמת נגב ,392,43,91,157,38,31,32
908,1282,מירב ,23,עפולה ,23,עפולה ,7,עמק המעיינות ,869,94,322,302,75,66,10
909,1283,תל תאומים ,23,עפולה ,23,עפולה ,7,עמק המעיינות ,658,87,198,240,31,46,56
910,1284,נופית ,31,חיפה ,31,חיפה ,12,זבולון ,2590,88,502,851,418,335,396
911,1285,כרכום ,22,כנרת ,21,צפת ,55,מבואות החרמון ,505,26,72,178,32,110,87
912,1286,שגב-שלום ,62,באר שבע ,62,באר שבע ,0, ,13789,2236,4453,5421,925,423,331
913,1287,שני ,62,באר שבע ,62,באר שבע ,78,הר חברון ,545,29,141,182,78,48,67
914,1288,גבעת אלה ,23,עפולה ,23,עפולה ,9,עמק יזרעאל ,2107,123,444,629,263,172,476
915,1290,זמר ,41,השרון ,41,נתניה ,0, ,8182,797,1979,3320,843,603,640
916,1291,כמהין ,62,באר שבע ,62,באר שבע ,48,רמת נגב ,276,24,82,94,46,24,6
917,1292,ג'דיידה-מכר ,24,עכו ,24,עכו ,0, ,21815,1676,4358,9346,2720,2025,1690
918,1293,גבעת אבני ,22,כנרת ,22,טבריה ,3,הגליל התחתון ,2341,145,457,817,291,277,354
919,1294,אור הגנוז ,21,צפת ,21,צפת ,2,מרום הגליל ,681,98,231,216,71,52,13
920,1295,יאנוח-ג'ת ,24,עכו ,24,עכו ,0, ,7144,564,1553,3105,879,522,521
921,1296,כסרא-סמיע ,24,עכו ,24,עכו ,0, ,9696,959,2312,4223,1043,609,550
922,1297,כפר חנניה ,21,צפת ,21,צפת ,2,מרום הגליל ,809,74,190,279,106,85,75
923,1298,אתגר ,24,עכו ,20,כרמיאל ,56,משגב ,33,0,0,9,1,4,19
924,1303,חורה ,62,באר שבע ,62,באר שבע ,0, ,22304,4009,7607,8243,1349,604,492
925,1304,שוהם ,43,רמלה ,43,רמלה ,0, ,25111,1832,4933,9013,3245,3219,2869
926,1309,אלעד ,42,פתח תקווה ,349,ראש העין ,0, ,50999,7042,18447,18452,4273,1487,1298
927,1310,לפיד ,43,רמלה ,43,רמלה ,25,חבל מודיעין ,2237,95,379,821,275,417,250
928,1311,אבשלום ,62,באר שבע ,62,באר שבע ,38,אשכול ,453,24,81,156,65,49,78
929,1313,פוריה עילית ,22,כנרת ,22,טבריה ,6,עמק הירדן ,1464,101,326,521,165,135,216
930,1314,נווה זיו ,24,עכו ,24,עכו ,52,מעלה יוסף ,1002,55,254,350,171,105,67
931,1315,מתן ,42,פתח תקווה ,42,פתח תקוה ,20,דרום השרון ,3469,152,682,1245,471,612,307
932,1316,אל-עריאן ,32,חדרה ,32,חדרה ,14,מנשה ,201,24,35,94,20,16,12
933,1317,דמיידה ,24,עכו ,20,כרמיאל ,56,משגב ,614,76,159,227,66,49,37
934,1318,מבואות ים ,41,השרון ,41,נתניה ,16,עמק חפר ,70,7,20,28,9,4,2
935,1319,בת חפר ,41,השרון ,41,נתניה ,16,עמק חפר ,5494,240,1047,2035,892,835,445
936,1320,עין חוד ,32,חדרה ,32,חדרה ,15,חוף הכרמל ,333,45,66,145,32,23,22
937,1321,ח'ואלד ,31,חיפה ,31,חיפה ,12,זבולון ,796,76,204,317,101,51,47
938,1322,הודיות ,22,כנרת ,22,טבריה ,3,הגליל התחתון ,54,13,15,21,3,1,1
939,1323,בת הדר ,61,אשקלון ,61,אשקלון ,36,חוף אשקלון ,700,30,169,239,100,73,89
940,1324,ארסוף ,41,השרון ,41,נתניה ,19,חוף השרון ,252,23,51,70,42,25,41
941,1325,כפר זוהרים ,11,ירושלים ,13,בית שמש ,26,מטה יהודה ,49,10,16,23,0,0,0
942,1326,בסמה ,32,חדרה ,32,חדרה ,0, ,12307,1350,3114,5149,1246,755,693
943,1327,מעלה עירון ,32,חדרה ,23,עפולה ,0, ,16614,1669,3777,6969,1847,1303,1049
944,1330,אחוזת ברק ,23,עפולה ,23,עפולה ,9,עמק יזרעאל ,2691,150,646,952,415,287,241
945,1331,כמאנה ,24,עכו ,20,כרמיאל ,56,משגב ,1724,162,394,751,195,118,104
946,1332,חוסנייה ,24,עכו ,20,כרמיאל ,56,משגב ,996,117,229,434,105,49,62
947,1333,נוף איילון ,43,רמלה ,43,רמלה ,30,גזר ,2199,161,434,857,180,307,260
948,1334,ראס אל-עין ,24,עכו ,20,כרמיאל ,56,משגב ,446,42,99,214,35,33,23
949,1335,ערב אל נעים ,24,עכו ,20,כרמיאל ,56,משגב ,934,106,201,485,79,42,21
950,1336,אירוס ,44,רחובות ,44,רחובות ,27,גן רווה ,1065,53,329,338,206,86,53
951,1337,שמשית ,23,עפולה ,23,עפולה ,9,עמק יזרעאל ,2483,70,431,976,441,435,130
952,1338,כדיתה ,21,צפת ,21,צפת ,2,מרום הגליל ,223,23,53,86,19,21,21
953,1339,אל-עזי ,61,אשקלון ,61,אשקלון ,35,יואב ,173,13,47,62,13,22,16
954,1340,מרחב עם ,62,באר שבע ,62,באר שבע ,48,רמת נגב ,674,84,301,211,53,16,9
955,1342,אבו קרינאת )יישוב( ,62,באר שבע ,62,באר שבע ,68,נווה מדבר ,1678,325,456,721,111,35,30
956,1343,מכחול ,62,באר שבע ,62,באר שבע ,69,אל קסום ,1519,296,449,578,95,48,53
957,1344,גבעות בר ,62,באר שבע ,62,באר שבע ,41,בני שמעון ,1330,65,497,419,252,62,35
958,1345,צור יצחק ,42,פתח תקווה ,47,כפר סבא ,20,דרום השרון ,7736,763,2582,2453,1080,306,552
959,1346,תראבין א-צאנע)ישוב( ,62,באר שבע ,62,באר שבע ,69,אל קסום ,1447,263,442,566,101,34,41
960,1347,קצר א-סר ,62,באר שבע ,62,באר שבע ,68,נווה מדבר ,3176,611,978,1214,219,85,69
961,1348,ביר הדאג' ,62,באר שבע ,62,באר שבע ,68,נווה מדבר ,3571,738,1195,1232,214,110,82
962,1349,דריג'את ,62,באר שבע ,62,באר שבע ,69,אל קסום ,1157,158,306,510,98,46,39
963,1358,אום בטין ,62,באר שבע ,62,באר שבע ,69,אל קסום ,5249,959,1612,2104,303,158,113
964,1359,אל סייד ,62,באר שבע ,62,באר שבע ,69,אל קסום ,4529,873,1306,1838,268,150,94
965,1360,סעוה ,62,באר שבע ,62,באר שבע ,69,אל קסום ,2749,553,856,1002,212,80,46
966,1361,בת חן ,41,השרון ,41,נתניה ,16,עמק חפר ,540,34,92,147,63,41,163
967,1362,גבעות עדן ,11,ירושלים ,13,בית שמש ,26,מטה יהודה ,677,179,223,249,20,4,2
968,1363,בני נצרים ,62,באר שבע ,62,באר שבע ,38,אשכול ,974,157,404,326,51,24,12
969,1364,שלומית ,62,באר שבע ,62,באר שבע ,38,אשכול ,578,129,261,181,5,2,0
970,1365,אליאב ,61,אשקלון ,61,אשקלון ,50,לכיש ,900,115,393,259,120,7,6
971,1366,נווה ,62,באר שבע ,62,באר שבע ,38,אשכול ,1197,239,481,375,67,21,14
972,1367,כחלה ,62,באר שבע ,62,באר שבע ,69,אל קסום ,498,61,158,198,27,22,32
973,1368,בני דקלים ,61,אשקלון ,61,אשקלון ,50,לכיש ,1989,258,888,631,104,57,51
974,1369,נטע ,61,אשקלון ,61,אשקלון ,50,לכיש ,1012,165,424,348,59,16,0
975,1370,מצפה אילן ,32,חדרה ,32,חדרה ,14,מנשה ,866,91,384,281,107,2,1
976,1371,גני טל ,44,רחובות ,44,רחובות ,31,נחל שורק ,1019,126,397,299,97,9,91
977,1372,נצר חזני ,44,רחובות ,44,רחובות ,31,נחל שורק ,602,79,214,201,44,21,43
978,1373,שלווה במדבר ,62,באר שבע ,62,באר שבע ,48,רמת נגב ,13,4,2,5,1,1,0
979,1374,כרמי קטיף ,61,אשקלון ,61,אשקלון ,50,לכיש ,849,135,336,282,60,31,5
980,1375,אבו תלול ,62,באר שבע ,62,באר שבע ,68,נווה מדבר ,3211,648,1055,1179,188,77,64
981,1376,באר גנים ,62,באר שבע ,61,אשקלון ,36,חוף אשקלון ,2470,288,816,843,198,122,203
982,1377,שבי דרום ,62,באר שבע ,62,באר שבע ,42,מרחבים ,688,137,305,204,20,19,3
983,1378,שיזף ,62,באר שבע ,62,באר שבע ,48,רמת נגב ,151,35,57,57,0,0,2
984,1411,מחנה הילה ,44,רחובות ,46,ראשון לציון ,27,גן רווה ,279,74,73,131,1,0,0
985,1412,מחנה תל נוף ,44,רחובות ,44,רחובות ,28,ברנר ,370,118,76,173,3,0,0
986,1413,מחנה יהודית ,23,עפולה ,23,עפולה ,9,עמק יזרעאל ,256,74,60,118,4,0,0
987,1414,מחנה מרים ,61,אשקלון ,61,אשקלון ,33,באר טוביה ,214,65,43,105,1,0,0
988,1415,מחנה יפה ,62,באר שבע ,62,באר שבע ,42,מרחבים ,396,80,102,206,8,0,0
989,1416,מחנה יוכבד ,62,באר שבע ,63,אילת ,53,חבל אילות ,232,55,63,112,2,0,0
990,1418,מחנה טלי ,62,באר שבע ,62,באר שבע ,48,רמת נגב ,277,62,77,135,3,0,0
991,1419,ניצן ב' ,61,אשקלון ,61,אשקלון ,36,חוף אשקלון ,519,50,110,236,43,38,42
992,2002,תנובות ,41,השרון ,41,נתניה ,18,לב השרון ,925,82,177,312,110,110,134
993,2003,תלמי אלעזר ,32,חדרה ,32,חדרה ,14,מנשה ,1042,92,248,329,154,91,128
994,2006,כנות ,61,אשקלון ,61,אשקלון ,33,באר טוביה ,78,14,17,25,5,8,9
995,2008,שדה יצחק ,32,חדרה ,32,חדרה ,14,מנשה ,616,48,120,219,91,63,75
996,2009,יובל ,21,צפת ,21,צפת ,55,מבואות החרמון ,836,57,145,373,92,61,108
997,2010,כפר בן נון ,43,רמלה ,43,רמלה ,30,גזר ,837,69,210,243,139,60,116
998,2011,ינון ,61,אשקלון ,61,אשקלון ,33,באר טוביה ,1165,101,242,406,133,129,154
999,2012,אורות ,61,אשקלון ,61,אשקלון ,33,באר טוביה ,613,46,105,200,65,74,123
1000,2013,בן שמן )מושב( ,43,רמלה ,43,רמלה ,25,חבל מודיעין ,915,62,215,266,148,91,133
1001,2014,גבעולים ,62,באר שבע ,62,באר שבע ,39,שדות נגב ,528,63,134,186,59,29,57
1002,2015,שדי חמד ,42,פתח תקווה ,47,כפר סבא ,20,דרום השרון ,1066,83,218,328,187,98,152
1003,2016,רוויה ,23,עפולה ,23,עפולה ,7,עמק המעיינות ,396,35,101,134,56,29,41
1004,2018,גבעת חיים )איחוד( ,41,השרון ,41,נתניה ,16,עמק חפר ,1510,107,336,403,224,108,332
1005,2021,אשל הנשיא ,62,באר שבע ,62,באר שבע ,42,מרחבים ,136,11,19,53,20,16,17
1006,2023,להב ,62,באר שבע ,62,באר שבע ,41,בני שמעון ,821,53,215,250,121,52,130
1007,2024,אום אל-קוטוף ,32,חדרה ,32,חדרה ,14,מנשה ,1266,131,291,543,113,95,93
1008,2026,ירדנה ,23,עפולה ,23,עפולה ,7,עמק המעיינות ,457,41,107,161,53,37,58
1009,2029,מדרך עוז ,23,עפולה ,23,עפולה ,13,מגידו ,832,46,200,257,131,81,117
1010,2030,מנוחה ,61,אשקלון ,61,אשקלון ,50,לכיש ,656,54,150,245,68,66,73
1011,2033,בית חלקיה ,44,רחובות ,44,רחובות ,31,נחל שורק ,1069,168,386,355,57,43,60
1012,2034,חצור הגלילית ,21,צפת ,21,צפת ,0, ,11372,1288,2538,3960,1049,908,1629
1013,2035,עדנים ,42,פתח תקווה ,42,פתח תקוה ,20,דרום השרון ,444,37,101,136,59,35,76
1014,2038,ברקת ,42,פתח תקווה ,42,פתח תקוה ,25,חבל מודיעין ,2167,328,576,799,147,151,166
1015,2039,קרית יערים)מוסד( ,11,ירושלים ,13,בית שמש ,26,מטה יהודה ,51,6,16,13,5,2,9
1016,2042,עין גדי ,62,באר שבע ,62,באר שבע ,51,תמר ,610,27,93,179,96,73,142
1017,2043,בחן ,41,השרון ,41,נתניה ,16,עמק חפר ,1187,67,352,319,246,96,107
1018,2044,מלילות ,62,באר שבע ,62,באר שבע ,39,שדות נגב ,462,49,117,155,45,30,66
1019,2045,נחלה ,61,אשקלון ,61,אשקלון ,35,יואב ,767,64,205,250,98,58,92
1020,2046,סגולה ,61,אשקלון ,61,אשקלון ,35,יואב ,620,30,162,186,99,54,89
1021,2047,ניר משה ,62,באר שבע ,62,באר שבע ,42,מרחבים ,578,34,120,180,80,54,110
1022,2048,ניר עקיבא ,62,באר שבע ,62,באר שבע ,42,מרחבים ,722,56,203,238,101,49,75
1023,2049,שדה צבי ,62,באר שבע ,62,באר שבע ,42,מרחבים ,765,64,219,255,109,50,68
1024,2050,תלמי בילו ,62,באר שבע ,62,באר שבע ,42,מרחבים ,541,59,120,195,40,46,81
1025,2051,רווחה ,61,אשקלון ,61,אשקלון ,34,שפיר ,612,64,136,207,63,61,81
1026,2052,אביטל ,23,עפולה ,23,עפולה ,8,הגלבוע ,605,38,135,206,83,49,94
1027,2053,פרזון ,23,עפולה ,23,עפולה ,8,הגלבוע ,443,34,98,152,35,57,67
1028,2054,מיטב ,23,עפולה ,23,עפולה ,8,הגלבוע ,533,49,102,193,61,58,70
1029,2055,מאור ,32,חדרה ,32,חדרה ,14,מנשה ,1682,155,441,576,239,140,131
1030,2057,שדי תרומות ,23,עפולה ,23,עפולה ,7,עמק המעיינות ,603,66,108,218,75,60,76
1031,2059,פעמי תשז ,62,באר שבע ,62,באר שבע ,42,מרחבים ,636,75,141,225,72,44,79
1032,2060,ברוש ,62,באר שבע ,62,באר שבע ,41,בני שמעון ,554,40,164,176,83,35,56
1033,2061,תדהר ,62,באר שבע ,62,באר שבע ,41,בני שמעון ,750,59,235,267,89,52,48
1034,2062,תאשור ,62,באר שבע ,62,באר שבע ,41,בני שמעון ,454,42,86,169,41,51,65
1035,2063,דישון ,21,צפת ,21,צפת ,55,מבואות החרמון ,424,43,57,163,32,50,79
1036,2064,זרועה ,62,באר שבע ,62,באר שבע ,39,שדות נגב ,583,59,156,194,62,55,57
1037,2100,טירת כרמל ,31,חיפה ,31,חיפה ,0, ,33676,3186,6251,11966,3647,2833,5793
1038,2200,דימונה ,62,באר שבע ,62,באר שבע ,0, ,42983,3875,8186,15364,4791,3956,6811
1039,2300,קרית טבעון ,31,חיפה ,31,חיפה ,0, ,20549,1305,3769,6220,2778,1970,4507
1040,2400,אור יהודה ,52,רמת גן ,52,רמת גן ,0, ,41608,3853,8008,14555,4628,3798,6766
1041,2500,נשר ,31,חיפה ,31,חיפה ,0, ,25075,1381,3549,8379,3213,2690,5863
1042,2530,באר יעקב ,43,רמלה ,43,רמלה ,0, ,36588,4292,10118,13060,4060,1899,3159
1043,2550,גדרה ,44,רחובות ,44,רחובות ,0, ,31575,2479,7835,10567,4709,2407,3578
1044,2560,ערד ,62,באר שבע ,62,באר שבע ,0, ,34957,4333,7429,10903,3413,2743,6136
1045,2600,אילת ,62,באר שבע ,63,אילת ,0, ,70021,3962,10958,26035,10033,7684,11349
1046,2610,בית שמש ,11,ירושלים ,13,בית שמש ,0, ,188794,35251,61515,65811,11063,6519,8635
1047,2620,קרית אונו ,52,רמת גן ,52,רמת גן ,0, ,47850,3229,10250,14549,7312,3980,8530
1048,2630,קרית גת ,61,אשקלון ,61,אשקלון ,0, ,76587,9281,17051,27278,6710,5466,10801
1049,2640,ראש העין ,42,פתח תקווה ,349,ראש העין ,0, ,78892,8582,18479,28516,8301,6498,8516
1050,2650,רמת השרון ,51,תל אביב ,57,הרצליה ,0, ,53120,2945,10695,14296,8169,5085,11930
1051,2660,יבנה ,44,רחובות ,44,רחובות ,0, ,59967,5964,14838,20627,6505,3885,8148
1052,2710,אום אל-פחם ,32,חדרה ,23,עפולה ,0, ,61555,6042,14931,25748,6736,4521,3577
1053,2720,טירה ,41,השרון ,41,נתניה ,0, ,29252,2493,6095,12345,3262,2444,2613
1054,2730,טייבה ,41,השרון ,41,נתניה ,0, ,48370,4272,11274,20036,5417,3838,3533
1055,2742,זבארגה )שבט( ,62,באר שבע ,62,באר שבע ,0, ,17,0,0,1,5,11,0
1056,2800,קרית שמונה ,21,צפת ,21,צפת ,0, ,26273,1759,4206,10202,2868,2570,4668
1057,3000,ירושלים ,11,ירושלים ,11,ירושלים ,0, ,1094974,127799,274310,390684,97294,71900,132987
1058,3400,חברון ,77,חברון ,11,ירושלים ,0, ,592,69,193,222,37,27,44
1059,3488,כפר עציון ,76,בית לחם ,11,ירושלים ,76,גוש עציון ,1105,109,384,353,125,32,102
1060,3499,בר כוכבא ,76,בית לחם ,11,ירושלים ,76,גוש עציון ,16,6,4,6,0,0,0
1061,3555,נתיב הגדוד ,75,ירדן )יריחו( ,23,עפולה ,75,ערבות הירדן ,235,22,50,75,32,7,49
1062,3556,אלמוג ,75,ירדן )יריחו( ,11,ירושלים ,74,מגילות ים המלח ,358,38,102,120,55,28,15
1063,3557,קדומים ,73,טול כרם ,47,כפר סבא ,0, ,4884,504,1555,1676,448,196,505
1064,3558,תומר ,75,ירדן )יריחו( ,23,עפולה ,75,ערבות הירדן ,393,52,92,128,29,16,76
1065,3560,אלקנה ,73,טול כרם ,349,ראש העין ,0, ,4645,569,1134,1637,436,221,648
1066,3561,מגדל עוז ,76,בית לחם ,11,ירושלים ,76,גוש עציון ,430,64,80,202,33,29,22
1067,3563,תקוע ,76,בית לחם ,11,ירושלים ,76,גוש עציון ,4935,552,1810,1690,413,173,297
1068,3564,כוכב השחר ,74,ראמאללה ,11,ירושלים ,73,מטה בנימין ,2956,467,1046,1024,175,118,126
1069,3565,רימונים ,74,ראמאללה ,11,ירושלים ,73,מטה בנימין ,736,63,183,267,89,63,71
1070,3566,יפית ,75,ירדן )יריחו( ,23,עפולה ,75,ערבות הירדן ,277,28,79,94,31,10,35
1071,3567,סלעית ,73,טול כרם ,42,פתח תקוה ,72,שומרון ,1594,99,600,433,269,78,115
1072,3568,ריחן ,71,ג'נין ,32,חדרה ,72,שומרון ,507,50,166,166,56,33,36
1073,3569,מבוא דותן ,71,ג'נין ,32,חדרה ,72,שומרון ,848,163,301,276,41,19,48
1074,3570,אריאל ,73,טול כרם ,48,אריאל ,0, ,21849,1388,4001,7814,2595,2232,3819
1075,3571,שבי שומרון ,72,שכם ,41,נתניה ,72,שומרון ,1165,182,369,397,79,31,107
1076,3572,כפר תפוח ,73,טול כרם ,48,אריאל ,72,שומרון ,1557,254,559,565,82,27,70
1077,3573,נוה צוף ,74,ראמאללה ,11,ירושלים ,73,מטה בנימין ,1490,193,421,545,111,72,148
1078,3574,בית אל ,74,ראמאללה ,11,ירושלים ,0, ,6765,986,1873,2521,494,375,516
1079,3575,בית חורון ,74,ראמאללה ,11,ירושלים ,73,מטה בנימין ,1457,130,461,485,175,86,120
1080,3576,מצפה יריחו ,75,ירדן )יריחו( ,11,ירושלים ,73,מטה בנימין ,2832,377,940,1028,178,116,193
1081,3578,שדמות מחולה ,75,ירדן )יריחו( ,23,עפולה ,75,ערבות הירדן ,827,100,266,301,57,47,56
1082,3579,אלון מורה ,72,שכם ,48,אריאל ,72,שומרון ,2102,393,703,714,101,58,133
1083,3598,ארגמן ,75,ירדן )יריחו( ,23,עפולה ,75,ערבות הירדן ,175,15,39,55,18,10,38
1084,3599,מחולה ,75,ירדן )יריחו( ,23,עפולה ,75,ערבות הירדן ,811,103,286,267,66,19,70
1085,3601,קליה ,75,ירדן )יריחו( ,11,ירושלים ,74,מגילות ים המלח ,551,48,129,209,47,47,71
1086,3602,ראש צורים ,76,בית לחם ,11,ירושלים ,76,גוש עציון ,1154,128,418,405,130,26,47
1087,3603,הר גילה ,76,בית לחם ,11,ירושלים ,76,גוש עציון ,1668,102,469,575,245,89,188
1088,3604,אלון שבות ,76,בית לחם ,11,ירושלים ,76,גוש עציון ,3429,330,779,1320,342,262,396
1089,3605,משואה ,75,ירדן )יריחו( ,23,עפולה ,75,ערבות הירדן ,454,90,105,158,48,8,45
1090,3606,גלגל ,75,ירדן )יריחו( ,23,עפולה ,75,ערבות הירדן ,228,24,47,81,21,26,29
1091,3607,ייטב ,75,ירדן )יריחו( ,23,עפולה ,75,ערבות הירדן ,298,45,88,91,29,17,28
1092,3608,מעלה אפרים ,75,ירדן )יריחו( ,23,עפולה ,0, ,1846,206,472,605,154,156,253
1093,3609,חמרה ,75,ירדן )יריחו( ,23,עפולה ,75,ערבות הירדן ,285,37,77,90,35,10,36
1094,3610,מצפה שלם ,75,ירדן )יריחו( ,11,ירושלים ,74,מגילות ים המלח ,238,16,46,90,23,38,25
1095,3611,קרית ארבע ,77,חברון ,11,ירושלים ,0, ,8362,985,2119,3066,719,458,1015
1096,3612,בקעות ,75,ירדן )יריחו( ,23,עפולה ,75,ערבות הירדן ,228,13,63,65,42,11,34
1097,3613,גיתית ,75,ירדן )יריחו( ,23,עפולה ,75,ערבות הירדן ,628,70,254,208,54,9,33
1098,3614,מכורה ,75,ירדן )יריחו( ,23,עפולה ,75,ערבות הירדן ,231,16,67,73,28,11,36
1099,3615,פצאל ,75,ירדן )יריחו( ,23,עפולה ,75,ערבות הירדן ,456,60,109,151,50,11,75
1100,3616,מעלה אדומים ,76,בית לחם ,11,ירושלים ,0, ,40676,3210,8500,14757,4689,3785,5735
1101,3617,עופרה ,74,ראמאללה ,11,ירושלים ,73,מטה בנימין ,3279,311,854,1274,334,243,263
1102,3618,אלעזר ,76,בית לחם ,11,ירושלים ,76,גוש עציון ,2895,301,800,1072,352,197,173
1103,3619,רועי ,75,ירדן )יריחו( ,23,עפולה ,75,ערבות הירדן ,166,9,27,54,27,9,40
1104,3620,נערן ,75,ירדן )יריחו( ,23,עפולה ,75,ערבות הירדן ,151,29,34,68,12,4,4
1105,3638,כפר אדומים ,74,ראמאללה ,11,ירושלים ,73,מטה בנימין ,5194,530,1639,1860,568,320,277
1106,3639,ורד יריחו ,75,ירדן )יריחו( ,11,ירושלים ,74,מגילות ים המלח ,435,28,131,142,68,22,44
1107,3640,קרני שומרון ,73,טול כרם ,48,אריאל ,0, ,11062,1276,3012,3999,882,662,1231
1108,3641,שילה ,74,ראמאללה ,11,ירושלים ,73,מטה בנימין ,6082,1071,2353,2033,302,124,199
1109,3643,חיננית ,71,ג'נין ,32,חדרה ,72,שומרון ,1980,235,700,681,187,100,77
1110,3644,גבעון החדשה ,74,ראמאללה ,11,ירושלים ,73,מטה בנימין ,1233,113,179,467,102,149,223
1111,3645,בית הערבה ,75,ירדן )יריחו( ,11,ירושלים ,74,מגילות ים המלח ,420,57,146,156,44,11,6
1112,3646,חמדת ,75,ירדן )יריחו( ,23,עפולה ,75,ערבות הירדן ,379,47,146,134,38,14,0
1113,3647,יקיר ,73,טול כרם ,48,אריאל ,72,שומרון ,2953,373,1051,1039,260,97,133
1114,3648,מתתיהו ,74,ראמאללה ,11,ירושלים ,73,מטה בנימין ,1004,124,299,370,85,42,84
1115,3649,שקד ,71,ג'נין ,32,חדרה ,72,שומרון ,1183,108,362,406,137,67,103
1116,3650,אפרת ,76,בית לחם ,11,ירושלים ,0, ,13606,1289,4080,4866,1125,846,1400
1117,3651,מעלה מכמש ,74,ראמאללה ,11,ירושלים ,73,מטה בנימין ,2234,293,727,813,191,125,85
1118,3652,בית אריה ,74,ראמאללה ,349,ראש העין ,0, ,6001,406,1459,2115,890,564,567
1119,3653,מעלה עמוס ,76,בית לחם ,11,ירושלים ,76,גוש עציון ,1408,344,466,510,39,27,22
1120,3654,ברקן ,73,טול כרם ,48,אריאל ,72,שומרון ,2283,154,538,755,379,209,248
1121,3655,נילי ,74,ראמאללה ,43,רמלה ,73,מטה בנימין ,2280,149,674,783,333,182,159
1122,3656,כרמל ,77,חברון ,11,ירושלים ,78,הר חברון ,669,124,212,234,29,34,36
1123,3657,מעון ,77,חברון ,11,ירושלים ,78,הר חברון ,752,126,272,274,27,36,17
1124,3658,עטרת ,74,ראמאללה ,11,ירושלים ,73,מטה בנימין ,779,113,293,269,45,37,22
1125,3659,פסגות ,74,ראמאללה ,11,ירושלים ,73,מטה בנימין ,2417,422,780,863,161,74,117
1126,3660,עמנואל ,73,טול כרם ,349,ראש העין ,0, ,5882,1175,1778,2107,306,201,315
1127,3709,מבוא חורון ,74,ראמאללה ,43,רמלה ,73,מטה בנימין ,2719,290,1043,906,296,75,109
1128,3710,ברכה ,72,שכם ,48,אריאל ,72,שומרון ,3336,555,1303,1136,191,68,83
1129,3712,ענב ,73,טול כרם ,41,נתניה ,72,שומרון ,1285,202,471,424,60,37,91
1130,3713,נעמה ,75,ירדן )יריחו( ,11,ירושלים ,75,ערבות הירדן ,336,56,82,140,11,14,33
1131,3715,עלמון ,74,ראמאללה ,11,ירושלים ,73,מטה בנימין ,1528,117,382,576,190,142,121
1132,3717,חרמש ,71,ג'נין ,32,חדרה ,72,שומרון ,300,23,56,95,35,36,55
1133,3719,תלם ,77,חברון ,11,ירושלים ,78,הר חברון ,672,116,249,242,36,17,12
1134,3722,אשכולות ,77,חברון ,11,ירושלים ,78,הר חברון ,632,37,191,223,94,57,30
1135,3723,פני חבר ,77,חברון ,11,ירושלים ,78,הר חברון ,632,102,256,196,37,28,13
1136,3724,נגוהות ,77,חברון ,11,ירושלים ,78,הר חברון ,638,126,235,230,43,2,2
1137,3725,נווה דניאל ,76,בית לחם ,11,ירושלים ,76,גוש עציון ,2775,263,786,1042,279,197,208
1138,3726,נוקדים ,76,בית לחם ,11,ירושלים ,76,גוש עציון ,3497,552,1184,1234,265,112,150
1139,3727,עלי זהב ,73,טול כרם ,48,אריאל ,72,שומרון ,5644,968,2379,1868,291,73,65
1140,3730,גבעת זאב ,74,ראמאללה ,11,ירושלים ,0, ,24996,3744,7433,8902,1628,1237,2052
1141,3743,טנא ,77,חברון ,62,באר שבע ,78,הר חברון ,1171,146,451,388,94,40,52
1142,3744,ברוכין ,73,טול כרם ,48,אריאל ,72,שומרון ,2796,570,1115,927,157,5,22
1143,3745,מצדות יהודה ,77,חברון ,11,ירושלים ,78,הר חברון ,747,122,250,261,32,35,47
1144,3746,קרית נטפים ,73,טול כרם ,48,אריאל ,72,שומרון ,1006,141,356,367,82,30,30
1145,3747,דולב ,74,ראמאללה ,11,ירושלים ,73,מטה בנימין ,1691,222,545,625,118,98,83
1146,3748,עתניאל ,77,חברון ,11,ירושלים ,78,הר חברון ,953,114,307,383,58,53,38
1147,3749,יצהר ,72,שכם ,48,אריאל ,72,שומרון ,2598,602,993,847,105,30,21
1148,3750,אלפי מנשה ,73,טול כרם ,349,ראש העין ,0, ,8648,440,2002,2819,1475,782,1130
1149,3751,מגדלים ,72,שכם ,48,אריאל ,72,שומרון ,781,188,233,286,35,20,19
1150,3752,מעלה לבונה ,74,ראמאללה ,48,אריאל ,73,מטה בנימין ,1003,200,280,378,49,43,53
1151,3754,אספר ,77,חברון ,11,ירושלים ,76,גוש עציון ,1526,362,554,519,42,23,26
1152,3756,סוסיה ,77,חברון ,11,ירושלים ,78,הר חברון ,1734,296,570,653,75,76,64
1153,3759,אדורה ,77,חברון ,13,בית שמש ,78,הר חברון ,611,86,225,218,32,27,23
1154,3760,אורנית ,73,טול כרם ,349,ראש העין ,0, ,10180,613,2536,3326,1574,941,1190
1155,3762,איתמר ,72,שכם ,48,אריאל ,72,שומרון ,1679,298,603,574,92,64,48
1156,3763,גבע בנימין ,74,ראמאללה ,11,ירושלים ,73,מטה בנימין ,6422,709,1856,2425,669,377,386
1157,3764,חגי ,77,חברון ,11,ירושלים ,78,הר חברון ,884,157,306,321,47,35,18
1158,3765,עלי ,72,שכם ,48,אריאל ,73,מטה בנימין ,4727,788,1456,1769,348,170,196
1159,3766,כרמי צור ,77,חברון ,11,ירושלים ,76,גוש עציון ,1118,112,396,432,99,47,32
1160,3767,נחליאל ,74,ראמאללה ,11,ירושלים ,73,מטה בנימין ,881,153,337,303,30,31,27
1161,3768,פדואל ,73,טול כרם ,48,אריאל ,72,שומרון ,2305,270,825,833,200,100,77
1162,3769,הר אדר ,74,ראמאללה ,11,ירושלים ,0, ,4426,209,957,1386,724,521,629
1163,3770,חשמונאים ,74,ראמאללה ,11,ירושלים ,73,מטה בנימין ,2975,263,524,1153,236,342,457
1164,3777,סנסנה ,77,חברון ,62,באר שבע ,78,הר חברון ,861,116,334,309,96,6,0
1165,3779,כוכב יעקב ,74,ראמאללה ,11,ירושלים ,73,מטה בנימין ,3721,489,992,1498,288,232,222
1166,3780,ביתר עילית ,76,בית לחם ,11,ירושלים ,0, ,74147,13826,27309,25478,4523,1686,1325
1167,3781,קדר ,76,בית לחם ,11,ירושלים ,76,גוש עציון ,1650,160,373,638,234,153,92
1168,3782,רותם ,75,ירדן )יריחו( ,11,ירושלים ,75,ערבות הירדן ,312,47,114,108,35,8,0
1169,3784,שמעה ,77,חברון ,11,ירושלים ,78,הר חברון ,1108,224,375,373,58,44,34
1170,3785,משכיות ,75,ירדן )יריחו( ,11,ירושלים ,75,ערבות הירדן ,402,86,183,120,11,2,0
1171,3786,אבנת ,75,ירדן )יריחו( ,11,ירושלים ,74,מגילות ים המלח ,300,54,124,102,20,0,0
1172,3787,נעלה ,74,ראמאללה ,11,ירושלים ,73,מטה בנימין ,2957,198,907,982,523,166,181
1173,3788,טלמון ,74,ראמאללה ,11,ירושלים ,73,מטה בנימין ,6297,904,2481,2149,511,205,47
1174,3790,נופים ,73,טול כרם ,48,אריאל ,72,שומרון ,1484,227,474,524,103,71,85
1175,3791,צופים ,73,טול כרם ,42,פתח תקוה ,72,שומרון ,2853,321,835,1028,318,182,169
1176,3793,אבני חפץ ,73,טול כרם ,41,נתניה ,72,שומרון ,2671,410,745,1070,206,171,69
1177,3794,בת עין ,76,בית לחם ,11,ירושלים ,76,גוש עציון ,2040,340,618,740,146,90,106
1178,3795,רבבה ,72,שכם ,48,אריאל ,72,שומרון ,3308,432,1258,1173,309,111,25
1179,3796,כפר האורנים ,74,ראמאללה ,11,ירושלים ,73,מטה בנימין ,2375,54,512,877,437,376,119
1180,3797,מודיעין עילית ,74,ראמאללה ,11,ירושלים ,0, ,91584,17133,37617,28869,5419,1337,1209
1181,3815,תל ציון ,74,ראמאללה ,11,ירושלים ,73,מטה בנימין ,7388,1594,2633,2563,410,76,112
1182,3822,רחלים ,72,שכם ,48,אריאל ,72,שומרון ,1293,254,543,439,46,6,5
1183,3823,גני מודיעין ,74,ראמאללה ,11,ירושלים ,73,מטה בנימין ,3691,422,1076,1444,306,211,232
1184,3824,עמיחי ,74,ראמאללה ,11,ירושלים ,73,מטה בנימין ,391,71,170,122,27,1,0
1185,3825,מבואות יריחו ,75,ירדן )יריחו( ,11,ירושלים ,75,ערבות הירדן ,369,80,161,114,12,0,2
1186,3826,שער שומרון ,73,טול כרם ,349,ראש העין ,0, ,9071,714,2516,3203,1116,669,853
1187,3861,עשהאל ,77,חברון ,11,ירושלים ,78,הר חברון ,59,21,15,23,0,0,0
1188,3862,גבעות הרואה ,74,ראמאללה ,48,אריאל ,73,מטה בנימין ,68,19,22,26,1,0,0
1189,3864,בית חגלה ,75,ירדן )יריחו( ,11,ירושלים ,74,מגילות ים המלח ,434,152,127,150,3,0,2
1190,3868,שחרית ,73,טול כרם ,48,אריאל ,72,שומרון ,15,5,0,10,0,0,0
1191,3869,אביגיל ,77,חברון ,11,ירושלים ,78,הר חברון ,30,7,13,10,0,0,0
1192,4000,חיפה ,31,חיפה ,31,חיפה ,0, ,341396,19704,51844,110960,42735,33617,82536
1193,4001,בוקעאתא ,29,גולן ,21,צפת ,0, ,7105,487,1468,2958,1022,530,640
1194,4002,אלי-עד ,29,גולן ,22,טבריה ,71,גולן ,579,58,159,197,62,25,78
1195,4003,אל-רום ,29,גולן ,21,צפת ,71,גולן ,598,49,128,197,82,47,95
1196,4004,כפר חרוב ,29,גולן ,22,טבריה ,71,גולן ,626,40,124,233,62,73,94
1197,4005,חספין ,29,גולן ,22,טבריה ,71,גולן ,1723,199,594,588,133,95,114
1198,4006,קשת ,29,גולן ,22,טבריה ,71,גולן ,952,131,346,309,63,26,77
1199,4007,יונתן ,29,גולן ,22,טבריה ,71,גולן ,932,129,311,320,81,40,51
1200,4008,מעלה גמלא ,29,גולן ,22,טבריה ,71,גולן ,696,75,197,214,81,41,88
1201,4009,שעל ,29,גולן ,22,טבריה ,71,גולן ,440,48,125,145,39,20,63
1202,4010,אודם ,29,גולן ,21,צפת ,71,גולן ,265,42,70,97,13,7,36
1203,4011,אבני איתן ,29,גולן ,22,טבריה ,71,גולן ,1040,144,372,374,60,31,59
1204,4012,אניעם ,29,גולן ,22,טבריה ,71,גולן ,568,30,91,222,81,67,77
1205,4013,אורטל ,29,גולן ,22,טבריה ,71,גולן ,396,19,106,145,51,47,28
1206,4014,נטור ,29,גולן ,22,טבריה ,71,גולן ,694,61,251,254,88,27,13
1207,4015,בני יהודה ,29,גולן ,22,טבריה ,71,גולן ,1359,72,304,428,184,145,226
1208,4017,אלוני הבשן ,29,גולן ,22,טבריה ,71,גולן ,549,63,209,192,37,30,18
1209,4019,מיצר ,29,גולן ,22,טבריה ,71,גולן ,319,50,105,118,25,17,4
1210,4021,גבעת יואב ,29,גולן ,22,טבריה ,71,גולן ,797,57,196,236,142,40,126
1211,4022,גשור ,29,גולן ,22,טבריה ,71,גולן ,397,31,95,143,46,46,36
1212,4024,קלע ,29,גולן ,22,טבריה ,71,גולן ,469,37,129,145,79,37,42
1213,4025,קדמת צבי ,29,גולן ,22,טבריה ,71,גולן ,787,93,203,294,70,47,80
1214,4026,חד-נס ,29,גולן ,22,טבריה ,71,גולן ,954,49,188,338,130,132,117
1215,4028,כנף ,29,גולן ,22,טבריה ,71,גולן ,548,45,112,226,73,75,17
1216,4029,רמת טראמפ ,29,גולן ,22,טבריה ,71,גולן ,117,40,28,49,0,0,0
1217,4035,נמרוד ,29,גולן ,22,טבריה ,71,גולן ,24,2,1,9,3,7,2
1218,4100,קצרין ,29,גולן ,22,טבריה ,0, ,9366,638,1853,3067,1161,889,1758
1219,4101,מרום גולן ,29,גולן ,21,צפת ,71,גולן ,845,47,166,290,120,100,122
1220,4201,מג'דל שמס ,29,גולן ,21,צפת ,0, ,11906,665,2353,4758,1935,1065,1130
1221,4203,מסעדה ,29,גולן ,21,צפת ,0, ,4326,287,992,1681,665,319,382
1222,4204,מבוא חמה ,29,גולן ,22,טבריה ,71,גולן ,673,59,159,209,81,41,124
1223,4301,אפיק ,29,גולן ,22,טבריה ,71,גולן ,449,36,109,141,51,36,76
1224,4303,נווה אטיב ,29,גולן ,21,צפת ,71,גולן ,237,14,52,80,31,10,50
1225,4304,נוב ,29,גולן ,22,טבריה ,71,גולן ,1164,129,402,387,111,26,109
1226,4501,ע'ג'ר ,29,גולן ,21,צפת ,0, ,2950,275,715,1325,335,153,147
1227,4502,עין קנייא ,29,גולן ,21,צפת ,0, ,2578,204,559,1038,364,205,208
1228,4503,עין זיוון ,29,גולן ,21,צפת ,71,גולן ,561,37,164,192,79,33,56
1229,4551,נאות גולן ,29,גולן ,22,טבריה ,71,גולן ,790,50,218,261,119,51,91
1230,4701,רמת מגשימים ,29,גולן ,22,טבריה ,71,גולן ,883,92,278,289,82,53,89
1231,4702,רמות ,29,גולן ,22,טבריה ,71,גולן ,702,44,183,191,120,37,127
1232,5000,תל אביב - יפו ,51,תל אביב ,51,תא - מרכז ,0, ,591871,36840,77082,230538,74746,51993,120672
1233,6000,באקה אל-גרביה ,32,חדרה ,32,חדרה ,0, ,32567,2987,7546,13773,3638,2355,2268
1234,6100,בני ברק ,52,רמת גן ,54,בני ברק ,0, ,236289,41257,73251,78101,14010,10034,19636
1235,6200,בת ים ,53,חולון ,53,חולון ,0, ,160408,7515,21050,48257,21620,17564,44402
1236,6300,גבעתיים ,52,רמת גן ,52,רמת גן ,0, ,65680,4721,10046,24004,8576,5453,12880
1237,6400,הרצליה ,51,תל אביב ,57,הרצליה ,0, ,124980,8506,20924,40247,16354,11068,27881
1238,6500,חדרה ,32,חדרה ,32,חדרה ,0, ,114091,8670,21670,38240,13585,10511,21415
1239,6600,חולון ,53,חולון ,53,חולון ,0, ,212299,12795,36633,65679,28344,20481,48367
1240,6700,טבריה ,22,כנרת ,22,טבריה ,0, ,55996,6406,11515,19066,5542,4577,8890
1241,6800,קרית אתא ,31,חיפה ,27,קריות ,0, ,67360,5088,12183,22407,7756,6294,13632
1242,6900,כפר סבא ,42,פתח תקווה ,47,כפר סבא ,0, ,111777,6544,21233,33088,16003,9535,25374
1243,7000,לוד ,43,רמלה ,43,רמלה ,0, ,96905,12006,22300,33691,9183,6746,12979
1244,7100,אשקלון ,61,אשקלון ,61,אשקלון ,0, ,180690,14434,34329,62123,20425,16027,33352
1245,7200,נס ציונה ,44,רחובות ,44,רחובות ,0, ,49396,2681,11248,15079,8061,4206,8121
1246,7300,נצרת ,25,נצרת ,25,נוף הגליל ,0, ,82189,6055,16082,32948,9822,7730,9552
1247,7400,נתניה ,41,השרון ,41,נתניה ,0, ,283810,19520,51174,89779,34898,26141,62298
1248,7500,סח'נין ,24,עכו ,24,עכו ,0, ,35614,3030,8261,14950,4244,2749,2380
1249,7600,עכו ,24,עכו ,24,עכו ,0, ,60515,4111,10990,21627,7015,5764,11008
1250,7700,עפולה ,23,עפולה ,23,עפולה ,0, ,70228,7446,13914,24136,7121,5651,11960
1251,7800,פרדס חנה-כרכור ,32,חדרה ,32,חדרה ,0, ,49719,3682,11451,16098,6984,4248,7256
1252,7900,פתח תקווה ,42,פתח תקווה ,42,פתח תקוה ,0, ,282735,20476,56856,90917,37499,24066,52921
1253,8000,צפת ,21,צפת ,21,צפת ,0, ,41759,5513,11120,14210,3164,2697,5055
1254,8200,קרית מוצקין ,31,חיפה ,27,קריות ,0, ,56265,3625,9426,18081,7024,4881,13228
1255,8300,ראשון לציון ,44,רחובות ,46,ראשון לציון ,0, ,286349,18353,46619,96620,37476,27567,59714
1256,8400,רחובות ,44,רחובות ,44,רחובות ,0, ,165918,13596,35771,53857,20705,12522,29467
1257,8500,רמלה ,43,רמלה ,43,רמלה ,0, ,88599,8307,18665,31716,9660,7219,13032
1258,8600,רמת גן ,52,רמת גן ,52,רמת גן ,0, ,187631,12737,26551,68996,23244,17265,38838
1259,8700,רעננה ,42,פתח תקווה ,47,כפר סבא ,0, ,98871,6516,18174,30758,13100,9360,20963
1260,8800,שפרעם ,24,עכו ,25,נוף הגליל ,0, ,44358,3319,8790,18550,5454,4169,4076
1261,8900,טמרה ,24,עכו ,24,עכו ,0, ,37370,3279,8270,15729,4404,2981,2707
1262,9000,באר שבע ,62,באר שבע ,62,באר שבע ,0, ,230844,17119,41089,80285,25866,21224,45261
1263,9100,נהריה ,24,עכו ,24,עכו ,0, ,77321,4606,13003,24986,10428,7923,16375
1264,9200,בית שאן ,23,עפולה ,23,עפולה ,0, ,21653,2043,4394,7913,2265,1950,3088
1265,9300,זכרון יעקב ,32,חדרה ,32,חדרה ,0, ,26743,1725,5835,8422,3645,2864,4252
1266,9400,יהוד-מונוסון ,42,פתח תקווה ,42,פתח תקוה ,0, ,33757,2305,6541,10680,4559,3172,6500
1267,9500,קרית ביאליק ,31,חיפה ,27,קריות ,0, ,51083,3580,8682,16781,6286,4423,11331
1268,9600,קרית ים ,31,חיפה ,27,קריות ,0, ,49454,2496,7031,14967,6300,5180,13480
1269,9700,הוד השרון ,42,פתח תקווה ,47,כפר סבא ,0, ,70620,4753,14857,21998,10419,6524,12069
1270,9800,בנימינה-גבעת עדה ,32,חדרה ,32,חדרה ,0, ,16884,1032,4194,5456,2685,1593,1924
